block_id,pressure,factual_decision,enforced_decision,strict_decision,primary_constraint,projection_pressure,cap_pressure,calibration_pressure
0,0.0377309014919577,accept,accept,accept,Design Alignment,0.0,0.0,0.0377309014919577
1,0.03087450543758584,accept,accept,accept,Design Alignment,0.003345606784645187,0.0,0.027528898652940652
2,0.036193214292636104,accept,accept,accept,Design Alignment,0.010994930427329944,0.0,0.02519828386530616
3,0.030921297125181612,accept,accept,accept,Design Alignment,0.00535075199510493,0.0,0.025570545130076682
4,0.0373946397862125,accept,accept,accept,Design Alignment,0.0,0.0,0.0373946397862125
5,0.036280090528440036,accept,accept,accept,Design Alignment,0.005401254953146288,0.0,0.030878835575293747
6,0.03656221939087275,accept,accept,accept,Design Alignment,0.0,0.0,0.03656221939087275
7,0.030493386241940628,accept,accept,accept,Design Alignment,0.0034693418184289135,0.0,0.027024044423511712
8,0.03303995757642121,accept,accept,accept,Design Alignment,0.0027434994517286037,0.0,0.03029645812469261
9,0.029354212220234998,accept,accept,accept,Design Alignment,0.0031609886544408106,0.0,0.026193223565794187
10,0.035552514189515896,accept,accept,accept,Design Alignment,0.0023760292185910953,0.0,0.0331764849709248
11,0.0387386686943219,accept,accept,accept,Design Alignment,0.006008326875777859,0.0,0.03273034181854405
12,0.038110490772119705,accept,accept,accept,Design Alignment,0.0027240677053448053,0.0,0.0353864230667749
13,0.034047573872698626,accept,accept,accept,Design Alignment,0.0,0.0,0.034047573872698626
14,0.044186139007006124,accept,accept,accept,Design Alignment,0.00846554118735398,0.0,0.03572059781965214
15,0.033707968984369736,accept,accept,accept,Design Alignment,0.0,0.0,0.033707968984369736
16,0.03513433396194001,accept,accept,accept,Design Alignment,0.0,0.0,0.03513433396194001
17,0.03341378445619087,accept,accept,accept,Design Alignment,0.0,0.0,0.03341378445619087
18,0.03819723621592141,accept,accept,accept,Design Alignment,0.003052811407026927,0.0,0.03514442480889448
19,0.03617303916108828,accept,accept,accept,Design Alignment,0.0,0.0,0.03617303916108828
20,0.03287189572759245,accept,accept,accept,Design Alignment,0.005002945865985938,0.0,0.027868949861606516
21,0.03602277475273743,accept,accept,accept,Design Alignment,0.0,0.0,0.03602277475273743
22,0.036097485419507226,accept,accept,accept,Design Alignment,0.003957783664564474,0.0,0.032139701754942754
23,0.028947426168684124,accept,accept,accept,Design Alignment,0.0,0.0,0.028947426168684124
24,0.027357929950306874,accept,accept,accept,Design Alignment,0.0,0.0,0.027357929950306874
25,0.03168391754644642,accept,accept,accept,Design Alignment,0.0,0.0,0.03168391754644642
26,0.03175400170328462,accept,accept,accept,Design Alignment,0.005633687839709371,0.0,0.026120313863575256
27,0.03381404240122953,accept,accept,accept,Design Alignment,0.0,0.0,0.03381404240122953
28,0.03852509400813372,accept,accept,accept,Design Alignment,0.006045495840124955,0.0,0.03247959816800876
29,0.03638834582167975,accept,accept,accept,Design Alignment,0.004490944592173585,0.0,0.03189740122950616
30,0.026652042240459438,accept,accept,accept,Design Alignment,0.0016756963898618693,0.0,0.02497634585059757
31,0.029919814495284136,accept,accept,accept,Design Alignment,0.0011522866649961827,0.0,0.028767527830287954
32,0.030602257480860994,accept,accept,accept,Design Alignment,0.0014630127491746783,0.0,0.029139244731686317
33,0.033028193901201895,accept,accept,accept,Design Alignment,0.00010234888374585082,0.0,0.03292584501745604
34,0.032662125308123825,accept,accept,accept,Design Alignment,0.0,0.0,0.032662125308123825
35,0.03544989833650184,accept,accept,accept,Design Alignment,0.0,0.0,0.03544989833650184
36,0.026552086190957933,accept,accept,accept,Design Alignment,0.0014235807959977734,0.0,0.025128505394960157
37,0.03651655091421355,accept,accept,accept,Design Alignment,0.00772370050624253,0.0,0.028792850407971013
38,0.03406316644931513,accept,accept,accept,Design Alignment,0.0008107733320882253,0.0,0.03325239311722691
39,0.04027877807312585,accept,accept,accept,Design Alignment,0.009685499678164034,0.0,0.03059327839496181
40,0.029649328609196186,accept,accept,accept,Design Alignment,0.00016755403422864153,0.0,0.029481774574967545
41,0.0317622256071806,accept,accept,accept,Design Alignment,0.0022980399001650905,0.0,0.029464185707015516
42,0.03617479570967426,accept,accept,accept,Design Alignment,0.0058618409168092285,0.0,0.030312954792865034
43,0.03252350756581186,accept,accept,accept,Design Alignment,0.005834171938397829,0.0,0.026689335627414032
44,0.03693147695714989,accept,accept,accept,Design Alignment,0.0,0.0,0.03693147695714989
45,0.030934901085448278,accept,accept,accept,Design Alignment,0.0010787273543925687,0.0,0.02985617373105571
46,0.03205486074527241,accept,accept,accept,Design Alignment,0.0008665403985706662,0.0,0.031188320346701746
47,0.04487511607900562,accept,accept,accept,Design Alignment,0.010742746835866127,0.0,0.03413236924313949
48,0.04356878066800655,accept,accept,accept,Design Alignment,0.010092983572778583,0.0,0.033475797095227966
49,0.0327761460951529,accept,accept,accept,Design Alignment,0.0,0.0,0.0327761460951529
50,0.03827305247894368,accept,accept,accept,Design Alignment,0.0,0.0,0.03827305247894368
51,0.032770757287296726,accept,accept,accept,Design Alignment,0.0019828287031613103,0.0,0.030787928584135416
52,0.038475622394506595,accept,accept,accept,Design Alignment,0.0,0.0,0.038475622394506595
53,0.039319253854990084,accept,accept,accept,Design Alignment,0.007367800875828919,0.0,0.03195145297916116
54,0.04044434540784433,accept,accept,accept,Design Alignment,0.01224876848699854,0.0,0.02819557692084578
55,0.03124988249504201,accept,accept,accept,Design Alignment,0.0,0.0,0.03124988249504201
56,0.027514086245457193,accept,accept,accept,Design Alignment,0.0,0.0,0.027514086245457193
57,0.033498845623730025,accept,accept,accept,Design Alignment,0.00598460374311552,0.0,0.027514241880614503
58,0.04281224479751437,accept,accept,accept,Design Alignment,0.017307292690849976,0.0,0.025504952106664404
59,0.03939192981075145,accept,accept,accept,Design Alignment,0.0,0.0,0.03939192981075145
60,0.04478098227672873,accept,accept,accept,Design Alignment,0.015587936763527772,0.0,0.02919304551320095
61,0.03069652026539789,accept,accept,accept,Design Alignment,0.0032670813544393757,0.0,0.027429438910958514
62,0.03722932720820747,accept,accept,accept,Design Alignment,0.003724064448078749,0.0,0.033505262760128725
63,0.03892386754053911,accept,accept,accept,Design Alignment,0.0038462247873517486,0.0,0.03507764275318735
64,0.032228969558490236,accept,accept,accept,Design Alignment,0.0033502537362501824,0.0,0.028878715822240053
65,0.03459764257828721,accept,accept,accept,Design Alignment,0.0029776014316236516,0.0,0.03162004114666355
66,0.032025810211866845,accept,accept,accept,Design Alignment,0.00200217719279124,0.0,0.030023633019075607
