block_id,generator_family,sampled_before_constraints_mean,after_projection_mean,after_cap_mean,after_calibration_mean,final_mean,delta_projection_mean,delta_projection_radiation_mean,delta_projection_thermal_mean,delta_cap_mean,delta_calibration_mean,total_adjustment_abs_mean,constraint_pressure_score,per_cell_delta_abs,projection_active_rate,cap_active_rate,calibration_active_rate,rule_CL1_active,rule_CL3_active,rule_CL5_active,explainability_status,reject_reason
0,vae,-2.032464953440375,-2.032464953440375,-2.032464953440375,-2.0362304213142206,-2.0362304213142206,5.578994750976562e-06,5.578994750976562e-06,0.0,0.0,0.004302503835369498,0.0043080828301204745,0.0043080828301204745,"[[0.0, 0.008508078896187876, 0.0005209895763329531], [0.003865238313720709, 0.0008552576431317682, 0.0009941340881995941], [0.003176655654953009, 0.0021231864562945013, 0.0009941340881995941], [0.010600556927524929, 0.006714422273475629, 0.004150100354786801], [0.010051530876500347, 0.0007182329372650287, 0.011348724365234375]]",0.13333333333333333,0.0,0.9333333333333333,True,False,False,pass,
1,vae,-2.102523817618688,-2.102523817618688,-2.102523817618688,-2.105477120726884,-2.105477120726884,0.0,0.0,0.0,0.0,0.0054218670427506575,0.0054218670427506575,0.0054218670427506575,"[[0.0008337471194987955, 0.008508078896187876, 0.0005209895763329531], [0.009911220555351319, 0.006404330862431085, 0.005234312872249625], [0.0028693265866774897, 0.007672259675593818, 0.0071388961273841645], [0.010600556927524929, 0.006714422273475629, 0.004150100354786801], [0.010051530876500347, 0.0007182329372650287, 0.0]]",0.0,0.0,0.9333333333333333,False,False,False,pass,
2,vae,-2.1322490692138674,-2.1322490692138674,-2.1322490692138674,-2.1347367296105735,-2.1347367296105735,0.0,0.0,0.0,0.0,0.005627836158812235,0.005627836158812235,0.005627836158812235,"[[0.007818387791849457, 0.008508078896187876, 0.0005209895763329531], [0.013698708300636353, 0.003493597639469659, 0.0024100063842125152], [0.006656814331962524, 0.004761526452632392, 0.004314589639347055], [0.010600556927524929, 0.006714422273475629, 0.004150100354786801], [0.010051530876500347, 0.0007182329372650287, 0.0]]",0.0,0.0,0.9333333333333333,False,False,False,pass,
3,vae,-2.0134970905164353,-2.0134970905164353,-2.0134970905164353,-2.0169154845173964,-2.0169154845173964,0.00018502275149027506,0.00018502275149027506,0.0,0.0,0.004961869084119774,0.00514689183561005,0.00514689183561005,"[[0.0, 0.008508078896187876, 0.0005209895763329531], [0.004293736105010992, 0.008403551055389702, 0.0015671731430701996], [0.004293736105010992, 0.009671479868552435, 0.0015671731430701996], [0.010600556927524929, 0.006714422273475629, 0.004150100354786801], [0.010051530876500347, 0.0007182329372650287, 0.006142616271972656]]",0.26666666666666666,0.0,0.9333333333333333,True,False,False,pass,
4,vae,-2.076616499821345,-2.076616499821345,-2.076616499821345,-2.0795588634904036,-2.0795588634904036,0.0,0.0,0.0,0.0,0.005643596321315111,0.005643596321315111,0.005643596321315111,"[[0.000997838706565446, 0.008508078896187876, 0.0005209895763329531], [0.013583313708351197, 0.007663419378666436, 0.0018840549987144684], [0.006541419739677368, 0.00893134819182917, 0.003788638253849008], [0.010600556927524929, 0.006714422273475629, 0.004150100354786801], [0.010051530876500347, 0.0007182329372650287, 0.0]]",0.0,0.0,0.9333333333333333,False,False,False,pass,
5,vae,-2.0245869181334446,-2.0245869181334446,-2.0245869181334446,-2.027684496094367,-2.027684496094367,0.0008190552393595378,0.0008190552393595378,0.0,0.0,0.004246426465908078,0.005065481705267616,0.005065481705267616,"[[0.0, 0.008508078896187876, 0.0005209895763329531], [0.005385112052009644, 0.0067768787017779, 0.005443851719094894], [0.001656781916664185, 0.0067768787017779, 0.007348434974229434], [0.010600556927524929, 0.006714422273475629, 0.004150100354786801], [0.010051530876500347, 0.0007182329372650287, 0.0013303756713867188]]",0.13333333333333333,0.0,0.9333333333333333,True,False,False,pass,
6,vae,-2.085241228518831,-2.085241228518831,-2.085241228518831,-2.088510404278418,-2.088510404278418,0.000178829828898112,0.000178829828898112,0.0,0.0,0.004122071479606689,0.004300901308504801,0.004300901308504801,"[[0.0, 0.008508078896187876, 0.0005209895763329531], [0.004163574461982789, 0.0019751881233172064, 0.003224205831844351], [0.0028783195066910405, 0.0019751881233172064, 0.005128789086978891], [0.010600556927524929, 0.006714422273475407, 0.004150100354786801], [0.010051530876500347, 0.0007182329372650287, 0.0039043426513671875]]",0.13333333333333333,0.0,0.9333333333333333,True,False,False,pass,
7,vae,-2.058407638470332,-2.058407638470332,-2.058407638470332,-2.062094716709297,-2.062094716709297,0.0,0.0,0.0,0.0,0.005949623895234813,0.005949623895234813,0.005949623895234813,"[[0.002328482598853654, 0.008508078896187876, 0.0005209895763329531], [0.010106440668151861, 0.008403551055389702, 0.0004895211655311371], [0.0030645466994781434, 0.009671479868552435, 0.0014150620896034027], [0.010600556927524929, 0.006714422273475629, 0.004150100354786801], [0.010051530876500347, 0.0007182329372650287, 0.012501362440888286]]",0.0,0.0,1.0,False,False,False,pass,
8,vae,-2.143192317088445,-2.143192317088445,-2.143192317088445,-2.1456799774851514,-2.1456799774851514,0.0004557371139526367,0.0004557371139526367,0.0,0.0,0.0046789606072722605,0.005134697721224897,0.005134697721224897,"[[0.007818387791849457, 0.008508078896187876, 0.0005209895763329531], [0.005118858103797974, 0.004051992761226142, 0.005443851719094894], [0.001923035864875855, 0.004051992761226142, 0.007348434974229434], [0.010600556927524929, 0.006714422273475629, 0.004150100354786801], [0.010051530876500347, 0.0007182329372650287, 0.0]]",0.13333333333333333,0.0,0.9333333333333333,True,False,False,pass,
9,vae,-2.0302325965741743,-2.0302325965741743,-2.0302325965741743,-2.0340007983143935,-2.0340007983143935,0.0,0.0,0.0,0.0,0.0059916737158275685,0.0059916737158275685,0.0059916737158275685,"[[0.0, 0.008508078896187876, 0.0005209895763329531], [0.014015730505035406, 0.003384044302372491, 0.0031456469100303863], [0.006973836536361688, 0.004651973115535224, 0.005050230165164926], [0.010600556927524929, 0.006714422273475629, 0.004150100354786801], [0.010051530876500347, 0.0007182329372650287, 0.011389732360839844]]",0.0,0.0,0.9333333333333333,False,False,False,pass,
10,vae,-2.0460254232088726,-2.0460254232088726,-2.0460254232088726,-2.049073459952653,-2.049073459952653,9.560585021972656e-05,9.560585021972656e-05,0.0,0.0,0.0049031031933294425,0.004998709043549169,0.004998709043549169,"[[0.000754085511756486, 0.008508078896187876, 0.0005209895763329531], [0.008624743704841675, 0.008403551055389702, 0.0016693355042152191], [0.0015828497361678462, 0.009671479868552435, 0.0016693355042152191], [0.010600556927524929, 0.006714422273475629, 0.004150100354786801], [0.010051530876500347, 0.0007182329372650287, 0.0013413429260253906]]",0.13333333333333333,0.0,1.0,True,False,False,pass,
11,vae,-2.0780759334564207,-2.0780759334564207,-2.0780759334564207,-2.0818061098272014,-2.0818061098272014,0.00034242868423461914,0.00034242868423461914,0.0,0.0,0.004649060772336496,0.004991489456571115,0.004991489456571115,"[[0.0016820106216197672, 0.008508078896187876, 0.0005209895763329531], [0.006089162116096558, 0.0009497310051007624, 0.0010873793166465973], [0.006089162116096558, 0.0022176598182634955, 0.002991962571781137], [0.010600556927524929, 0.006714422273475629, 0.004150100354786801], [0.010051530876500347, 0.0007182329372650287, 0.012501362440888286]]",0.13333333333333333,0.0,1.0,True,False,False,pass,
12,vae,-2.0562079649944573,-2.0562079649944573,-2.0562079649944573,-2.0595011733468183,-2.0595011733468183,0.00027139981587727863,0.00027139981587727863,0.0,0.0,0.004283115282503839,0.004554515098381118,0.004554515098381118,"[[0.0, 0.008508078896187876, 0.0005209895763329531], [0.00359199572090918, 0.0026694630256609564, 0.0042517899077720855], [0.003449898247764649, 0.0026694630256609564, 0.006156373162906625], [0.010600556927524929, 0.006714422273475629, 0.004150100354786801], [0.010051530876500347, 0.0007182329372650287, 0.00426483154296875]]",0.13333333333333333,0.0,0.9333333333333333,True,False,False,pass,
13,vae,-2.124691341320674,-2.124691341320674,-2.124691341320674,-2.127228084155531,-2.127228084155531,0.0,0.0,0.0,0.0,0.005311850497708411,0.005311850497708411,0.005311850497708411,"[[0.007818387791849457, 0.008508078896187876, 0.0005209895763329531], [0.01083786416535193, 0.006026437414555108, 0.0003312112290076996], [0.0037959701966781, 0.007294366227717841, 0.0015733720261268402], [0.010600556927524929, 0.006714422273475629, 0.004150100354786801], [0.010051530876500347, 0.0007182329372650287, 0.000736236572265625]]",0.0,0.0,1.0,False,False,False,pass,
14,vae,-2.1032440423965455,-2.1032440423965455,-2.1032440423965455,-2.1060804389413006,-2.1060804389413006,0.0,0.0,0.0,0.0,0.0043973923424587055,0.0043973923424587055,0.0043973923424587055,"[[0.0025873455711131754, 0.008508078896187876, 0.0005209895763329531], [0.007124584202812256, 0.002115001810459649, 0.0037499187987632965], [8.269023413842724e-05, 0.003382930623622382, 0.005654502053897836], [0.010600556927524929, 0.006714422273475629, 0.004150100354786801], [0.010051530876500347, 0.0007182329372650287, 0.0]]",0.0,0.0,0.9333333333333333,False,False,False,pass,
15,vae,-2.0672496616840363,-2.0672496616840363,-2.0672496616840363,-2.0703216336663375,-2.0703216336663375,0.0,0.0,0.0,0.0,0.0042785466412410544,0.0042785466412410544,0.0042785466412410544,"[[0.00016426774938160804, 0.008508078896187876, 0.0005209895763329531], [0.0099960379648667, 0.0016631389984174128, 0.0010952471297569488], [0.0029541439961928706, 0.002931067811580146, 0.0029998303848914887], [0.010600556927524929, 0.006714422273475629, 0.004150100354786801], [0.010051530876500347, 0.0007182329372650287, 0.0011105537414550781]]",0.0,0.0,1.0,False,False,False,pass,
16,vae,-2.1456706543763477,-2.1456706543763477,-2.1456706543763477,-2.1484811407820197,-2.1484811407820197,0.0,0.0,0.0,0.0,0.006055913267455352,0.006055913267455352,0.006055913267455352,"[[0.00297599765737111, 0.008508078896187876, 0.0005209895763329531], [0.01164294410233313, 0.008147289884953057, 0.005443851719094894], [0.004601050133659301, 0.00941521869811579, 0.007348434974229434], [0.010600556927524929, 0.006714422273475629, 0.004150100354786801], [0.010051530876500347, 0.0007182329372650287, 0.0]]",0.0,0.0,0.9333333333333333,False,False,False,pass,
17,vae,-2.0222553195336928,-2.0222553195336928,-2.0222553195336928,-2.026097629945915,-2.026097629945915,0.0,0.0,0.0,0.0,0.005788362010741362,0.005788362010741362,0.005788362010741362,"[[0.0, 0.008508078896187876, 0.0005209895763329531], [0.00579850006584931, 0.006477286947636163, 0.004945587972957632], [0.0012433939028244079, 0.007745215760798896, 0.006850171228092172], [0.010600556927524929, 0.006714422273475629, 0.004150100354786801], [0.010051530876500347, 0.0007182329372650287, 0.012501362440888286]]",0.0,0.0,0.9333333333333333,False,False,False,pass,
18,vae,-2.0941725196221936,-2.0941725196221936,-2.0941725196221936,-2.09718140587169,-2.09718140587169,0.0,0.0,0.0,0.0,0.004069300246798849,0.004069300246798849,0.004069300246798849,"[[0.0, 0.008508078896187876, 0.0005209895763329531], [0.005620282177970948, 0.004761209619907891, 1.938329156114804e-05], [0.0014216117907028814, 0.006029138433070624, 0.001923966546695688], [0.010600556927524929, 0.006714422273475629, 0.004150100354786801], [0.010051530876500347, 0.0007182329372650287, 0.0]]",0.0,0.0,0.8666666666666667,False,False,False,pass,
19,vae,-2.116319264968236,-2.116319264968236,-2.116319264968236,-2.1188069253649426,-2.1188069253649426,0.0,0.0,0.0,0.0,0.006340009914252087,0.006340009914252087,0.006340009914252087,"[[0.007818387791849457, 0.008508078896187876, 0.0005209895763329531], [0.015121752412375566, 0.004378011358646905, 0.005443851719094894], [0.008079858443701848, 0.005645940171809638, 0.007348434974229434], [0.010600556927524929, 0.006714422273475629, 0.004150100354786801], [0.010051530876500347, 0.0007182329372650287, 0.0]]",0.0,0.0,0.9333333333333333,False,False,False,pass,
20,vae,-2.0278405408064524,-2.0278405408064524,-2.0278405408064524,-2.0316723113074313,-2.0316723113074313,0.0,0.0,0.0,0.0,0.005947218638490459,0.005947218638490459,0.005947218638490459,"[[0.0001580986686473551, 0.008508078896187876, 0.0005209895763329531], [0.013132389669464117, 0.0033426190742535944, 0.003102135519344351], [0.006090495700790399, 0.0046105478874163275, 0.005006718774478891], [0.010600556927524929, 0.006714422273475629, 0.004150100354786801], [0.010051530876500347, 0.0007182329372650287, 0.012501362440888286]]",0.0,0.0,1.0,False,False,False,pass,
21,vae,-2.1023556095142633,-2.1023556095142633,-2.1023556095142633,-2.1054746769364483,-2.1054746769364483,0.0,0.0,0.0,0.0,0.005940968044517144,0.005940968044517144,0.005940968044517144,"[[0.0, 0.008508078896187876, 0.0005209895763329531], [0.014817338471458497, 0.006566276682285821, 0.003650021414119742], [0.0077754445027846675, 0.007834205495448554, 0.005554604669254282], [0.010600556927524929, 0.006714422273475629, 0.004150100354786801], [0.010051530876500347, 0.0007182329372650287, 0.0016527175903320312]]",0.0,0.0,0.9333333333333333,False,False,False,pass,
22,vae,-2.0713937362035115,-2.0713937362035115,-2.0713937362035115,-2.074359705298723,-2.074359705298723,0.0,0.0,0.0,0.0,0.0043123841980800435,0.0043123841980800435,0.0043123841980800435,"[[0.0006437573142772379, 0.008508078896187876, 0.0005209895763329531], [0.007045697455452027, 0.0038004423507733698, 0.002477598051387808], [3.803486778197751e-06, 0.005068371163936103, 0.004382181306522348], [0.010600556927524929, 0.006714422273475629, 0.004150100354786801], [0.010051530876500347, 0.0007182329372650287, 0.0]]",0.0,0.0,0.9333333333333333,False,False,False,pass,
23,vae,-2.0971470971902213,-2.0971470971902213,-2.0971470971902213,-2.100127274045925,-2.100127274045925,0.0,0.0,0.0,0.0,0.004241959739343367,0.004241959739343367,0.004241959739343367,"[[0.00048881504018361, 0.008508078896187876, 0.0005209895763329531], [0.01046995449547583, 0.0023739839920087213, 0.0002671958405189301], [0.0034280605268020015, 0.0036419128051714544, 0.0016373874146156098], [0.010600556927524929, 0.006714422273475629, 0.004150100354786801], [0.010051530876500347, 0.0007182329372650287, 5.817413330078125e-05]]",0.0,0.0,1.0,False,False,False,pass,
24,vae,-2.13215495166972,-2.13215495166972,-2.13215495166972,-2.1352536422506776,-2.1352536422506776,0.0,0.0,0.0,0.0,0.0039052230595724674,0.0039052230595724674,0.0039052230595724674,"[[0.0, 0.008508078896187876, 0.0005209895763329531], [0.007194321637199463, 0.0016769672760053034, 0.0010470865767784332], [0.00015242766852563427, 0.0029448960891680365, 0.002951669831912973], [0.010600556927524929, 0.006714422273475407, 0.004150100354786801], [0.010051530876500347, 0.0007182329372650287, 0.0013470649719238281]]",0.0,0.0,0.9333333333333333,False,False,False,pass,
25,vae,-2.080388615705517,-2.080388615705517,-2.080388615705517,-2.083405067771257,-2.083405067771257,3.848075866699219e-05,3.848075866699219e-05,0.0,0.0,0.004338187149375039,0.004376667908042031,0.004376667908042031,"[[0.0, 0.008508078896187876, 0.0005209895763329531], [0.004129182581947388, 0.006740501058964288, 0.0012408973175697113], [0.002912711386726441, 0.00800842987212702, 0.0012408973175697113], [0.010600556927524929, 0.006714422273475629, 0.004150100354786801], [0.010051530876500347, 0.0007182329372650287, 0.00011348724365234375]]",0.13333333333333333,0.0,0.9333333333333333,True,False,False,pass,
26,vae,-2.0854589126288365,-2.0854589126288365,-2.0854589126288365,-2.0884677988783333,-2.0884677988783333,0.0,0.0,0.0,0.0,0.006355522687694497,0.006355522687694497,0.006355522687694497,"[[0.0, 0.008508078896187876, 0.0005209895763329531], [0.015121752412375566, 0.008403551055389702, 0.005443851719094894], [0.008079858443701848, 0.009671479868552435, 0.007348434974229434], [0.010600556927524929, 0.006714422273475629, 0.004150100354786801], [0.010051530876500347, 0.0007182329372650287, 0.0]]",0.0,0.0,0.8666666666666667,False,False,False,pass,
27,vae,-2.094125952500052,-2.094125952500052,-2.094125952500052,-2.097645277032833,-2.097645277032833,0.0,0.0,0.0,0.0,0.005938301730074191,0.005938301730074191,0.005938301730074191,"[[0.0, 0.008508078896187876, 0.0005209895763329531], [0.01446969438080603, 0.00717418445435003, 0.00036783204491808164], [0.007427800412132202, 0.008442113267512763, 0.0022724153000526215], [0.010600556927524929, 0.006714422273475629, 0.004150100354786801], [0.010051530876500347, 0.0007182329372650287, 0.007656574249267578]]",0.0,0.0,0.9333333333333333,False,False,False,pass,
28,vae,-2.059275339047114,-2.059275339047114,-2.059275339047114,-2.0622422240670333,-2.0622422240670333,0.0,0.0,0.0,0.0,0.004205002456874192,0.004205002456874192,0.004205002456874192,"[[0.0006300184436565104, 0.008508078896187876, 0.0005209895763329531], [0.008220177178428711, 0.0024102832206769342, 0.0018947838347740387], [0.0011782832097548823, 0.0036782120338396673, 0.0037993670899085785], [0.010600556927524929, 0.006714422273475629, 0.004150100354786801], [0.010051530876500347, 0.0007182329372650287, 0.0]]",0.0,0.0,0.9333333333333333,False,False,False,pass,
29,vae,-2.078953721302695,-2.078953721302695,-2.078953721302695,-2.0819626075521915,-2.0819626075521915,0.0002979755401611328,0.0002979755401611328,0.0,0.0,0.0038297038984391667,0.0041276794386003,0.0041276794386003,"[[0.0, 0.008508078896187876, 0.0005209895763329531], [0.006694804911659302, 0.0029836202987714167, 0.003187108178775766], [0.00034708905701452686, 0.00425154911193415, 0.003187108178775766], [0.010600556927524929, 0.006714422273475629, 0.004150100354786801], [0.010051530876500347, 0.0007182329372650287, 0.0]]",0.13333333333333333,0.0,0.8666666666666667,True,False,False,pass,
30,vae,-2.076539995449729,-2.076539995449729,-2.076539995449729,-2.079548881699225,-2.079548881699225,0.0,0.0,0.0,0.0,0.00618202168495432,0.00618202168495432,0.00618202168495432,"[[0.0, 0.008508078896187876, 0.0005209895763329531], [0.015121752412375566, 0.008403551055389702, 0.00414259419854357], [0.008079858443701848, 0.009671479868552435, 0.00604717745367811], [0.010600556927524929, 0.006714422273475629, 0.004150100354786801], [0.010051530876500347, 0.0007182329372650287, 0.0]]",0.0,0.0,0.8666666666666667,False,False,False,pass,
31,vae,-2.065597997109095,-2.065597997109095,-2.065597997109095,-2.0685868961111513,-2.0685868961111513,0.0,0.0,0.0,0.0,0.004831641981969814,0.004831641981969814,0.004831641981969814,"[[0.0006202432819133463, 0.008508078896187876, 0.0005209895763329531], [0.013611566309974732, 0.0017394329437299128, 0.0017187117141075348], [0.006569672341300903, 0.003007361756892646, 0.0036232949692420746], [0.010600556927524929, 0.006714422273475629, 0.004150100354786801], [0.010051530876500347, 0.0007182329372650287, 0.0003204345703125]]",0.0,0.0,1.0,False,False,False,pass,
32,vae,-2.14385547041893,-2.14385547041893,-2.14385547041893,-2.1463431308156364,-2.1463431308156364,0.0,0.0,0.0,0.0,0.004040304956704921,0.004040304956704921,0.004040304956704921,"[[0.007818387791849457, 0.008508078896187876, 0.0005209895763329531], [0.004617255215690674, 0.0002521370521502142, 0.0006539343398399566], [0.002424638752983155, 0.0010157917610125189, 0.0025585175949744965], [0.010600556927524929, 0.006714422273475407, 0.004150100354786801], [0.010051530876500347, 0.0007182329372650287, 0.0]]",0.0,0.0,0.9333333333333333,False,False,False,pass,
33,vae,-2.1507612546284993,-2.1507612546284993,-2.1507612546284993,-2.153248915025206,-2.153248915025206,0.0,0.0,0.0,0.0,0.0060165951117008174,0.0060165951117008174,0.0060165951117008174,"[[0.007818387791849457, 0.008508078896187876, 0.0005209895763329531], [0.015121752412375566, 0.0019524003395123835, 0.005443851719094894], [0.008079858443701848, 0.0032203291526751165, 0.007348434974229434], [0.010600556927524929, 0.006714422273475629, 0.004150100354786801], [0.010051530876500347, 0.0007182329372650287, 0.0]]",0.0,0.0,0.9333333333333333,False,False,False,pass,
34,vae,-2.1029976387818654,-2.1029976387818654,-2.1029976387818654,-2.105968640495917,-2.105968640495917,0.0,0.0,0.0,0.0,0.005530004562975136,0.005530004562975136,0.005530004562975136,"[[0.0005682680316692057, 0.008508078896187876, 0.0005209895763329531], [0.009051036124275269, 0.008403551055389702, 0.005039048055965445], [0.00200914215560144, 0.009671479868552435, 0.006943631311099985], [0.010600556927524929, 0.006714422273475629, 0.004150100354786801], [0.010051530876500347, 0.0007182329372650287, 0.0]]",0.0,0.0,0.9333333333333333,False,False,False,pass,
35,vae,-2.1044302644113175,-2.1044302644113175,-2.1044302644113175,-2.107439150660814,-2.107439150660814,0.0,0.0,0.0,0.0,0.003638118675559121,0.003638118675559121,0.003638118675559121,"[[0.0, 0.008508078896187876, 0.0005209895763329531], [0.006443720345542969, 0.0015467311271710749, 0.00033931746069715274], [0.0005981736231308599, 0.002814659940333808, 0.0015652657944373871], [0.010600556927524929, 0.006714422273475629, 0.004150100354786801], [0.010051530876500347, 0.0007182329372650287, 0.0]]",0.0,0.0,0.8666666666666667,False,False,False,pass,
36,vae,-2.103812672694524,-2.103812672694524,-2.103812672694524,-2.1067662142212997,-2.1067662142212997,0.0,0.0,0.0,0.0,0.005927873514136839,0.005927873514136839,0.005927873514136839,"[[0.0008301708408122721, 0.008508078896187876, 0.0005209895763329531], [0.01475999880318457, 0.008403551055389702, 0.0021831511061973785], [0.007718104834510742, 0.009671479868552435, 0.004087734361331918], [0.010600556927524929, 0.006714422273475629, 0.004150100354786801], [0.010051530876500347, 0.0007182329372650287, 0.0]]",0.0,0.0,0.9333333333333333,False,False,False,pass,
37,vae,-2.052922497369793,-2.052922497369793,-2.052922497369793,-2.0559409839407414,-2.0559409839407414,0.0,0.0,0.0,0.0,0.003806881772044505,0.003806881772044505,0.003806881772044505,"[[0.0, 0.008508078896187876, 0.0005209895763329531], [0.008553784375236573, 0.0012285615333600397, 0.0008328439194373871], [0.0015118904065627436, 0.002496490346522773, 0.0010717393356971527], [0.010600556927524929, 0.006714422273475629, 0.004150100354786801], [0.010051530876500347, 0.0007182329372650287, 0.00014400482177734375]]",0.0,0.0,0.9333333333333333,False,False,False,pass,
38,vae,-2.0838391184806824,-2.0838391184806824,-2.0838391184806824,-2.0876614793950727,-2.0876614793950727,0.0003364404042561849,0.0003364404042561849,0.0,0.0,0.004285261519160562,0.004621701923416747,0.004621701923416747,"[[0.0002992424674754801, 0.008508078896187876, 0.0005209895763329531], [0.006325464730308594, 0.0022515152564959173, 0.0018580438095741059], [0.0007164292383652349, 0.0022515152564959173, 0.0018580438095741059], [0.010600556927524929, 0.006714422273475629, 0.004150100354786801], [0.010051530876500347, 0.0007182329372650287, 0.012501362440888286]]",0.26666666666666666,0.0,1.0,True,False,False,pass,
39,vae,-1.9939679008503228,-1.9939679008503228,-1.9939679008503228,-1.997635489950161,-1.997635489950161,0.00021404822667439778,0.00021404822667439778,0.0,0.0,0.005211064182996728,0.005425112409671125,0.005425112409671125,"[[0.0, 0.008508078896187876, 0.0005209895763329531], [0.0041328184652786315, 0.008403551055389702, 0.0019457818466834809], [0.0041328184652786315, 0.009671479868552435, 0.0019457818466834809], [0.010600556927524929, 0.006714422273475629, 0.004150100354786801], [0.010051530876500347, 0.0007182329372650287, 0.009880542755126953]]",0.26666666666666666,0.0,0.9333333333333333,True,False,False,pass,
40,vae,-2.0612611315428686,-2.0612611315428686,-2.0612611315428686,-2.0651034419550904,-2.0651034419550904,4.783868789672852e-05,4.783868789672852e-05,0.0,0.0,0.004588194672687984,0.004636033360584713,0.004636033360584713,"[[0.0, 0.008508078896187876, 0.0005209895763329531], [0.0038797371435623784, 0.0015543009170575495, 0.0008673189681358551], [0.0038797371435623784, 0.0028222297302202826, 0.002771902223270395], [0.010600556927524929, 0.006714422273475629, 0.004150100354786801], [0.010051530876500347, 0.0007182329372650287, 0.012501362440888286]]",0.13333333333333333,0.0,0.9333333333333333,True,False,False,pass,
41,vae,-2.1390526215235393,-2.1390526215235393,-2.1390526215235393,-2.1415402819202454,-2.1415402819202454,0.0,0.0,0.0,0.0,0.005858986944894185,0.005858986944894185,0.005858986944894185,"[[0.007818387791849457, 0.008508078896187876, 0.0005209895763329531], [0.012707334046409668, 0.006265690458683526, 0.0023629187148399566], [0.005665440077735839, 0.007533619271846259, 0.0042675019699744965], [0.010600556927524929, 0.006714422273475629, 0.004150100354786801], [0.010051530876500347, 0.0007182329372650287, 0.0]]",0.0,0.0,0.9333333333333333,False,False,False,pass,
42,vae,-2.0748340845108033,-2.0748340845108033,-2.0748340845108033,-2.0778262597815007,-2.0778262597815007,0.0,0.0,0.0,0.0,0.004990673134695034,0.004990673134695034,0.004990673134695034,"[[0.00025066468198353675, 0.008508078896187876, 0.0005209895763329531], [0.013700794463203492, 0.004141023291019952, 0.0007656334441490387], [0.006658900494529663, 0.005408952104182685, 0.0026702166992835785], [0.010600556927524929, 0.006714422273475629, 0.004150100354786801], [0.010051530876500347, 0.0007182329372650287, 0.0]]",0.0,0.0,0.9333333333333333,False,False,False,pass,
43,vae,-2.116212091843287,-2.116212091843287,-2.116212091843287,-2.118844678252519,-2.118844678252519,0.0,0.0,0.0,0.0,0.005136238814082413,0.005136238814082413,0.005136238814082413,"[[0.005644497603965348, 0.008508078896187876, 0.0005209895763329531], [0.008598726277397217, 0.008403551055389702, 0.00031690611426160586], [0.0015568323087233882, 0.009671479868552435, 0.001587677140872934], [0.010600556927524929, 0.006714422273475629, 0.004150100354786801], [0.010051530876500347, 0.0007182329372650287, 0.0]]",0.0,0.0,0.9333333333333333,False,False,False,pass,
44,vae,-2.149898765484492,-2.149898765484492,-2.149898765484492,-2.152440562793226,-2.152440562793226,0.0,0.0,0.0,0.0,0.006414503970207386,0.006414503970207386,0.006414503970207386,"[[0.007818387791849457, 0.008508078896187876, 0.0005209895763329531], [0.015121752412375566, 0.007357945574192559, 0.002616596083004019], [0.008079858443701848, 0.008625874387355292, 0.004521179338138559], [0.010600556927524929, 0.006714422273475629, 0.004150100354786801], [0.010051530876500347, 0.0007182329372650287, 0.0008120536804199219]]",0.0,0.0,1.0,False,False,False,pass,
45,vae,-2.0689991952756515,-2.0689991952756515,-2.0689991952756515,-2.072008081525148,-2.072008081525148,1.885096232096354e-05,1.885096232096354e-05,0.0,0.0,0.00501802232520104,0.0050368732875220035,0.0050368732875220035,"[[0.0, 0.008508078896187876, 0.0005209895763329531], [0.013349559192703253, 0.005588343275455987, 0.0010936738449744965], [0.006307665224029535, 0.00685627208861872, 0.0010936738449744965], [0.010600556927524929, 0.006714422273475629, 0.004150100354786801], [0.010051530876500347, 0.0007182329372650287, 0.0]]",0.13333333333333333,0.0,0.8666666666666667,True,False,False,pass,
46,vae,-2.087494725165712,-2.087494725165712,-2.087494725165712,-2.0905751369889387,-2.0905751369889387,0.0,0.0,0.0,0.0,0.004117403674043918,0.004117403674043918,0.004117403674043918,"[[0.0, 0.008508078896187876, 0.0005209895763329531], [0.007483910803840699, 0.003648212088017022, 0.0005146978896446441], [0.0004420168351668696, 0.004916140901179755, 0.002419281144779184], [0.010600556927524929, 0.006714422273475629, 0.004150100354786801], [0.010051530876500347, 0.0007182329372650287, 0.0010728836059570312]]",0.0,0.0,0.9333333333333333,False,False,False,pass,
47,vae,-2.1352762818336486,-2.1352762818336486,-2.1352762818336486,-2.137766262837858,-2.137766262837858,0.0,0.0,0.0,0.0,0.006092842581878903,0.006092842581878903,0.006092842581878903,"[[0.007818387791849457, 0.008508078896187876, 0.0005209895763329531], [0.013045799021766724, 0.008403551055389702, 0.0016231058638878082], [0.006003905053092895, 0.009671479868552435, 0.003527689119022348], [0.010600556927524929, 0.006714422273475407, 0.004150100354786801], [0.010051530876500347, 0.0007182329372650287, 3.4809112548828125e-05]]",0.0,0.0,1.0,False,False,False,pass,
48,vae,-2.112180692134248,-2.112180692134248,-2.112180692134248,-2.115380249668738,-2.115380249668738,0.0,0.0,0.0,0.0,0.005385533964076764,0.005385533964076764,0.005385533964076764,"[[0.0, 0.008508078896187876, 0.0005209895763329531], [0.015121752412375566, 0.0038501526245160456, 0.0012923000853843902], [0.008079858443701848, 0.005118081437678779, 0.00319688334051893], [0.010600556927524929, 0.006714422273475629, 0.004150100354786801], [0.010051530876500347, 0.0007182329372650287, 0.0028600692749023438]]",0.0,0.0,0.9333333333333333,False,False,False,pass,
49,vae,-2.1392352441946665,-2.1392352441946665,-2.1392352441946665,-2.142022858311316,-2.142022858311316,0.0008477528889973958,0.0008477528889973958,0.0,0.0,0.005940021105814071,0.006787773994811467,0.006787773994811467,"[[0.0039871308513408366, 0.008508078896187876, 0.0005209895763329531], [0.015121752412375566, 0.008403551055389702, 0.007310438295047739], [0.008079858443701848, 0.009671479868552435, 0.007310438295047739], [0.010600556927524929, 0.006714422273475629, 0.004150100354786801], [0.010051530876500347, 0.0007182329372650287, 0.0006680488586425781]]",0.13333333333333333,0.0,1.0,True,False,False,pass,
50,vae,-2.066965385278066,-2.066965385278066,-2.066965385278066,-2.0699661853408626,-2.0699661853408626,0.0,0.0,0.0,0.0,0.004804976679803782,0.004804976679803782,0.004804976679803782,"[[0.0001212928004985514, 0.008508078896187876, 0.0005209895763329531], [0.010384079103515631, 0.0014514829048200006, 0.005443851719094894], [0.003342185134841913, 0.0027194117179827337, 0.007348434974229434], [0.010600556927524929, 0.006714422273475629, 0.004150100354786801], [0.010051530876500347, 0.0007182329372650287, 0.0]]",0.0,0.0,0.9333333333333333,False,False,False,pass,
51,vae,-2.0853447896023067,-2.0853447896023067,-2.0853447896023067,-2.0891871000145286,-2.0891871000145286,0.0,0.0,0.0,0.0,0.005130109090033656,0.005130109090033656,0.005130109090033656,"[[0.0, 0.008508078896187876, 0.0005209895763329531], [0.010221671347663941, 0.0033062006362958307, 0.00034062876288221133], [0.003179777378990112, 0.004574129449458564, 0.0015639544922523285], [0.010600556927524929, 0.006714422273475629, 0.004150100354786801], [0.010051530876500347, 0.0007182329372650287, 0.012501362440888286]]",0.0,0.0,0.9333333333333333,False,False,False,pass,
52,vae,-2.0556381662686665,-2.0556381662686665,-2.0556381662686665,-2.0585726362959353,-2.0585726362959353,0.0,0.0,0.0,0.0,0.004026885896891892,0.004026885896891892,0.004026885896891892,"[[0.0011162433334117594, 0.008508078896187876, 0.0005209895763329531], [0.008698266034172064, 0.0009125377067609186, 0.001335453848201773], [0.001656372065498346, 0.0021804665199236517, 0.003240037103336313], [0.010600556927524929, 0.006714422273475629, 0.004150100354786801], [0.010051530876500347, 0.0007182329372650287, 0.0]]",0.0,0.0,0.9333333333333333,False,False,False,pass,
53,vae,-2.0810358822345734,-2.0810358822345734,-2.0810358822345734,-2.0840356650447656,-2.0840356650447656,0.0,0.0,0.0,0.0,0.005508695115616461,0.005508695115616461,0.005508695115616461,"[[0.0018302771754985514, 0.008508078896187876, 0.0005209895763329531], [0.014984469895408692, 0.0025508309730573053, 0.003320646147090933], [0.007942575926734863, 0.0038187597862200384, 0.005225229402225473], [0.010600556927524929, 0.006714422273475629, 0.004150100354786801], [0.010051530876500347, 0.0007182329372650287, 0.0016937255859375]]",0.0,0.0,1.0,False,False,False,pass,
54,vae,-2.1121444125970203,-2.1121444125970203,-2.1121444125970203,-2.115094350029609,-2.115094350029609,0.0,0.0,0.0,0.0,0.006312004372917886,0.006312004372917886,0.006312004372917886,"[[0.0008842322536235514, 0.008508078896187876, 0.0005209895763329531], [0.015121752412375566, 0.00763504756775335, 0.005443851719094894], [0.008079858443701848, 0.008902976380916083, 0.007348434974229434], [0.010600556927524929, 0.006714422273475629, 0.004150100354786801], [0.010051530876500347, 0.0007182329372650287, 0.0]]",0.0,0.0,0.9333333333333333,False,False,False,pass,
55,vae,-2.051913694717434,-2.051913694717434,-2.051913694717434,-2.054973888645153,-2.054973888645153,0.0,0.0,0.0,0.0,0.005130648859260186,0.005130648859260186,0.005130648859260186,"[[0.0, 0.008508078896187876, 0.0005209895763329531], [0.010243114118621888, 0.007150581015018975, 0.002004098753292105], [0.0032012201499480586, 0.008418509828181708, 0.003908682008426645], [0.010600556927524929, 0.006714422273475629, 0.004150100354786801], [0.010051530876500347, 0.0007182329372650287, 0.0007696151733398438]]",0.0,0.0,0.9333333333333333,False,False,False,pass,
56,vae,-2.0285535136858623,-2.0285535136858623,-2.0285535136858623,-2.0323762481226932,-2.0323762481226932,6.771087646484375e-05,6.771087646484375e-05,0.0,0.0,0.004793592517696288,0.004861303394161132,0.004861303394161132,"[[0.0002936396308665934, 0.008508078896187876, 0.0005209895763329531], [0.0038800649691085876, 0.003815283907322442, 0.001460123201053598], [0.0031618289995651305, 0.005083212720485175, 0.001460123201053598], [0.010600556927524929, 0.006714422273475629, 0.004150100354786801], [0.010051530876500347, 0.0007182329372650287, 0.012501362440888286]]",0.13333333333333333,0.0,1.0,True,False,False,pass,
57,vae,-2.0573417387186956,-2.0573417387186956,-2.0573417387186956,-2.060350624968192,-2.060350624968192,0.0,0.0,0.0,0.0,0.004121370864474624,0.004121370864474624,0.004121370864474624,"[[0.0, 0.008508078896187876, 0.0005209895763329531], [0.006147500162170416, 0.00024901880112127017, 0.0049221037429161285], [0.0008943938065033019, 0.0015169476142840033, 0.006826686998050668], [0.010600556927524929, 0.006714422273475629, 0.004150100354786801], [0.010051530876500347, 0.0007182329372650287, 0.0]]",0.0,0.0,0.8666666666666667,False,False,False,pass,
58,vae,-2.0864008565743766,-2.0864008565743766,-2.0864008565743766,-2.0902411247108788,-2.0902411247108788,0.0006151080131530761,0.0006151080131530761,0.0,0.0,0.00467364371466336,0.005288751727816436,0.005288751727816436,"[[3.063413579518226e-05, 0.008508078896187876, 0.0005209895763329531], [0.008134257082984986, 0.0015947724708600397, 0.0014523981612510894], [0.008134257082984986, 0.002862701284022773, 0.0033569814163856293], [0.010600556927524929, 0.006714422273475629, 0.004150100354786801], [0.010051530876500347, 0.0007182329372650287, 0.012501362440888286]]",0.13333333333333333,0.0,1.0,True,False,False,pass,
59,vae,-2.10164691823517,-2.10164691823517,-2.10164691823517,-2.1046793602402816,-2.1046793602402816,1.4781951904296875e-06,1.4781951904296875e-06,0.0,0.0,0.004101053387127244,0.004102531582317674,0.004102531582317674,"[[0.0, 0.008508078896187876, 0.0005209895763329531], [0.008435171132133545, 0.0006450508705095892, 0.003448796133358023], [0.0013932771634597163, 0.0006450508705095892, 0.005353379388492563], [0.010600556927524929, 0.006714422273475629, 0.004150100354786801], [0.010051530876500347, 0.0007182329372650287, 0.0003533363342285156]]",0.13333333333333333,0.0,0.9333333333333333,True,False,False,pass,
60,vae,-2.0469294289747872,-2.0469294289747872,-2.0469294289747872,-2.0506820683493623,-2.0506820683493623,0.0010572532812754313,0.0010572532812754313,0.0,0.0,0.004354983058975821,0.005412236340251253,0.005412236340251253,"[[0.001345065564704484, 0.008508078896187876, 0.0005209895763329531], [0.005808409338043219, 0.002268562184901679, 0.004959631105106332], [0.005808409338043219, 0.002268562184901679, 0.004959631105106332], [0.010600556927524929, 0.006714422273475629, 0.004150100354786801], [0.010051530876500347, 0.0007182329372650287, 0.012501362440888286]]",0.4,0.0,1.0,True,False,False,pass,
61,vae,-2.0735570412655147,-2.0735570412655147,-2.0735570412655147,-2.076565927515011,-2.076565927515011,0.0,0.0,0.0,0.0,0.0037332492595551973,0.0037332492595551973,0.0037332492595551973,"[[0.0, 0.008508078896187876, 0.0005209895763329531], [0.005477827076957764, 0.001361658705143487, 0.0008985518019981598], [0.001564066891716065, 0.00262958751830622, 0.0028031350571326996], [0.010600556927524929, 0.006714422273475629, 0.004150100354786801], [0.010051530876500347, 0.0007182329372650287, 0.0]]",0.0,0.0,0.8666666666666667,False,False,False,pass,
62,vae,-2.134222368399302,-2.134222368399302,-2.134222368399302,-2.1372263255214508,-2.1372263255214508,0.0,0.0,0.0,0.0,0.005568550715836366,0.005568550715836366,0.005568550715836366,"[[7.393691022450355e-05, 0.008508078896187876, 0.0005209895763329531], [0.009182494168327393, 0.008403551055389702, 0.005443851719094894], [0.002140600199653564, 0.009671479868552435, 0.007348434974229434], [0.010600556927524929, 0.006714422273475629, 0.004150100354786801], [0.010051530876500347, 0.0007182329372650287, 0.0]]",0.0,0.0,0.9333333333333333,False,False,False,pass,
63,vae,-2.0354238174139927,-2.0354238174139927,-2.0354238174139927,-2.0384327036634895,-2.0384327036634895,0.0,0.0,0.0,0.0,0.0053790113090167605,0.0053790113090167605,0.0053790113090167605,"[[0.0, 0.008508078896187876, 0.0005209895763329531], [0.012993317132041993, 0.003208150995640313, 0.005443851719094894], [0.005951423163368164, 0.004476079808803046, 0.007348434974229434], [0.010600556927524929, 0.006714422273475629, 0.004150100354786801], [0.010051530876500347, 0.0007182329372650287, 0.0]]",0.0,0.0,0.8666666666666667,False,False,False,pass,
64,vae,-2.121634787321091,-2.121634787321091,-2.121634787321091,-2.124466374465437,-2.124466374465437,0.000144195556640625,0.000144195556640625,0.0,0.0,0.004445025617114547,0.004589221173755172,0.004589221173755172,"[[0.007818387791849457, 0.008508078896187876, 0.0005209895763329531], [0.0040674321699600835, 0.001109888685612237, 0.0020337583023719574], [0.0029744617987137456, 0.00237781749877497, 0.0020337583023719574], [0.010600556927524929, 0.006714422273475629, 0.004150100354786801], [0.010051530876500347, 0.0007182329372650287, 0.005158901214599609]]",0.13333333333333333,0.0,1.0,True,False,False,pass,
65,vae,-2.0021708329518635,-2.0021708329518635,-2.0021708329518635,-2.005963461082619,-2.005963461082619,0.0,0.0,0.0,0.0,0.007079588295869787,0.007079588295869787,0.007079588295869787,"[[0.0007452342220073405, 0.008508078896187876, 0.0005209895763329531], [0.013928946142242438, 0.008403551055389702, 0.005443851719094894], [0.00688705217356872, 0.009671479868552435, 0.007348434974229434], [0.010600556927524929, 0.006714422273475629, 0.004150100354786801], [0.010051530876500347, 0.0007182329372650287, 0.012501362440888286]]",0.0,0.0,1.0,False,False,False,pass,
66,vae,-2.056866918184307,-2.056866918184307,-2.056866918184307,-2.059875804433804,-2.059875804433804,0.0,0.0,0.0,0.0,0.006355522687694497,0.006355522687694497,0.006355522687694497,"[[0.0, 0.008508078896187876, 0.0005209895763329531], [0.015121752412375566, 0.008403551055389702, 0.005443851719094894], [0.008079858443701848, 0.009671479868552435, 0.007348434974229434], [0.010600556927524929, 0.006714422273475629, 0.004150100354786801], [0.010051530876500347, 0.0007182329372650287, 0.0]]",0.0,0.0,0.8666666666666667,False,False,False,pass,
