epoch,beta_kl,recon_loss,kl_loss,rule_loss,center_loss,var_loss,smooth_loss,total_loss,rule_rad_penalty,rule_therm_penalty,rule_high_penalty
0,0.0003333333333333333,0.006267376476898789,0.11169040210855503,1.1874825020186108e-05,0.0008763184453831249,0.04936682619154453,0.03237202596695473,0.020193821440140407,1.1874825020186108e-05,0.0,0.0
1,0.0006666666666666666,0.006211783426503341,0.9175627330938975,0.00010867143290245924,0.00016310570451120535,0.03451903614525994,0.061452397455771766,0.017062747462963063,0.00010867143290245924,0.0,0.0
2,0.001,0.007114384711409609,0.5423549935221672,0.000142409552912189,0.00024584427956142463,0.02097656500215332,0.08066950396945079,0.015044934581965208,0.000142409552912189,0.0,0.0
3,0.0013333333333333333,0.006594838302892943,0.25488535563151044,0.0001334820863121422,0.00024372002856883532,0.014814812767629823,0.10027359860638778,0.013154544634744525,0.0001334820863121422,0.0,0.0
4,0.0016666666666666666,0.00491896007830898,0.40094409386316937,3.218898215588221e-05,0.00044571110265678726,0.010298175814871987,0.1132429459442695,0.010936692046622435,3.218898215588221e-05,0.0,0.0
5,0.002,0.003981699914826701,0.4175424699982007,8.53607190265393e-06,0.00036510192512650974,0.009114607935771346,0.12077533019085725,0.009893117550139626,8.53607190265393e-06,0.0,0.0
6,0.0023333333333333335,0.004054117501558115,0.3384328732887904,3.570849059997272e-06,0.0005102438881294802,0.00881397087747852,0.12323568326731522,0.010029385952899853,3.570849059997272e-06,0.0,0.0
7,0.0026666666666666666,0.003940365956320117,0.3261662647128105,3.5058328696398653e-06,0.00021065836093233278,0.005453129085556914,0.13390404606858888,0.009069176002716025,3.5058328696398653e-06,0.0,0.0
8,0.003,0.0037694167889033756,0.3014986142516136,2.1535487064738845e-06,0.0004338877327730491,0.009618023682075242,0.12516141310334206,0.010019841448714336,2.1535487064738845e-06,0.0,0.0
9,0.003333333333333333,0.00375069227690498,0.2865021216372649,2.520748357900023e-06,0.0002466894099294829,0.006519224805136521,0.12545801078279814,0.009096396621316671,2.520748357900023e-06,0.0,0.0
10,0.0036666666666666666,0.003972422312169026,0.250667496273915,9.260009351900559e-07,0.00043178922836280737,0.00791492780748134,0.12619914673268795,0.00982789252884686,9.260009351900559e-07,0.0,0.0
11,0.004,0.004069632093887776,0.23490087687969208,7.809221547934916e-07,0.00034539541472137597,0.0038947946935271225,0.13547769747674465,0.00903944531455636,7.809221547934916e-07,0.0,0.0
12,0.004333333333333334,0.003947248468951632,0.2263051892320315,6.23296525503747e-07,0.00024832055654163315,0.005413311650045216,0.13414577518900236,0.009213714472328624,6.23296525503747e-07,0.0,0.0
13,0.004666666666666667,0.003976850479375571,0.22017834956447283,3.2685680858198413e-07,0.0002515625619707862,0.005912713202026983,0.13068311226864657,0.009348406145970026,3.2685680858198413e-07,0.0,0.0
14,0.005,0.0038673170492984354,0.18645422905683517,5.74391554171901e-07,0.000183893308834134,0.0065385508351027966,0.12570794112980366,0.009133426550154885,5.74391554171901e-07,0.0,0.0
15,0.005333333333333333,0.004047207476105541,0.193780355155468,7.442644803234977e-08,0.0001703489494199554,0.004753106933397551,0.13428035254279772,0.009125084150582552,7.442644803234977e-08,0.0,0.0
16,0.005666666666666666,0.003968782315496355,0.1814086822172006,1.0376021501260861e-07,0.0002990174258836002,0.006754807157752414,0.12423661351203918,0.009469423908740282,1.0376021501260861e-07,0.0,0.0
17,0.006,0.004217198273787896,0.18753965136905512,1.476781739858287e-07,0.00037750602981153253,0.005021630204282701,0.13712664072712263,0.009718178072944283,1.476781739858287e-07,0.0,0.0
18,0.006333333333333333,0.003971817127118508,0.1809991610546907,1.2998161051195703e-07,0.00025934941246911575,0.005495230259839445,0.13109958668549856,0.009373553950960437,1.2998161051195703e-07,0.0,0.0
19,0.006666666666666666,0.004031269403640181,0.17404156426588693,6.630711398466123e-08,0.00020900108635638995,0.004566795386684437,0.1355460143337647,0.009253299329429865,6.630711398466123e-08,0.0,0.0
20,0.006999999999999999,0.0041576537187211215,0.14375186214844385,1.1399329493307538e-07,0.0002086047710084434,0.006871497782412916,0.12214567263921101,0.009533537474150458,1.1399329493307538e-07,0.0,0.0
21,0.007333333333333333,0.004210059744461129,0.1570711967845758,6.696933075450717e-08,0.00016731312947134333,0.004479540783601503,0.13402529619634151,0.009329753229394555,6.696933075450717e-08,0.0,0.0
22,0.007666666666666667,0.004087169266616304,0.16114846741159758,9.883595492611123e-08,0.0002263773167214822,0.004602752422215417,0.13147915030519167,0.009329486715917787,9.883595492611123e-08,0.0,0.0
23,0.008,0.004169926745817065,0.1549658247580131,2.6186733462219003e-08,0.0002674978404684225,0.004624329022287081,0.13379564881324768,0.009509198600426316,2.6186733462219003e-08,0.0,0.0
24,0.008333333333333333,0.0040848700058025616,0.15201406180858612,6.526754605234535e-08,0.00018683032370366467,0.0054229029337875545,0.1300901242842277,0.009496143087744713,6.526754605234535e-08,0.0,0.0
25,0.008666666666666668,0.004493179963901639,0.14467460165421167,3.832271114363508e-08,0.0005047388452415665,0.00543434086527365,0.13358219464619955,0.010282071074470878,3.832271114363508e-08,0.0,0.0
26,0.009000000000000001,0.004500927325959007,0.13269416925807795,4.386629149428134e-08,0.0004791771152667934,0.004981373863605161,0.13428541459143162,0.01010549122778078,4.386629149428134e-08,0.0,0.0
27,0.009333333333333334,0.004500660851287345,0.14013495358328024,2.9076166203900744e-08,0.0004099396446690662,0.004156544843378167,0.1409600389500459,0.010076921510820588,2.9076166203900744e-08,0.0,0.0
28,0.009666666666666667,0.0042051478909949465,0.13072345157464346,6.425353772191815e-09,0.00027117091303807683,0.0066072568006347865,0.1248547142992417,0.009888900288691124,6.425353772191815e-09,0.0,0.0
29,0.01,0.0042726072715595365,0.1293052639812231,1.728705153099715e-08,0.00015307878917762233,0.006373216010009249,0.12517618015408516,0.00981560085589687,1.728705153099715e-08,0.0,0.0
30,0.010333333333333335,0.004364624212030321,0.13850518191854158,1.001603548856043e-08,0.00015818817882973235,0.0036203207273501903,0.13746333308517933,0.009608399433394274,1.001603548856043e-08,0.0,0.0
31,0.010666666666666666,0.0042237657665585475,0.1346783364812533,1.0555817504809273e-08,0.00020030169556169616,0.004746107365159939,0.133291465540727,0.009713013578827182,1.0555817504809273e-08,0.0,0.0
32,0.011000000000000001,0.0042729402193799615,0.12680737115442753,2.7318518188342486e-09,0.0002733594131617186,0.004947537595095734,0.12961257559557757,0.00977032189257443,2.7318518188342486e-09,0.0,0.0
33,0.011333333333333332,0.004234126283942412,0.11806278924147288,1.0006160359200359e-08,0.00014189798215132518,0.006368587200995535,0.12779291222492853,0.009862094419077039,1.0006160359200359e-08,0.0,0.0
34,0.011666666666666667,0.004400824701103072,0.12137384712696075,2.6621897163588612e-09,0.0001486137037621423,0.00459813682634073,0.1325750139852365,0.009766506496816874,2.6621897163588612e-09,0.0,0.0
35,0.012,0.004445865711507698,0.1166247259825468,5.8710231491213944e-09,0.00017966390502503296,0.00514053877365465,0.13827543519437313,0.010075681377202272,5.8710231491213944e-09,0.0,0.0
36,0.012333333333333335,0.004224535097212841,0.10834131265679996,8.252981720478317e-09,0.00014837484134962628,0.007940722086156407,0.11822347156703472,0.010058785943935314,8.252981720478317e-09,0.0,0.0
37,0.012666666666666666,0.004471472736137609,0.11333248826364677,2.1234867382998366e-09,0.0005385815990545476,0.006897951224042724,0.13488999443749586,0.010867891057084004,2.1234867382998366e-09,0.0,0.0
38,0.013000000000000001,0.004511529482745876,0.10158900109430154,2.133134356189596e-08,0.00029735373148772243,0.006145756012604882,0.12799332663416862,0.010225888341665268,2.133134356189596e-08,0.0,0.0
39,0.013333333333333332,0.004299179825466126,0.11053858138620853,1.6775002537513146e-08,0.00019076488994566412,0.005840093246661127,0.1297516549626986,0.010018882574513555,1.6775002537513146e-08,0.0,0.0
40,0.013666666666666667,0.004595594868684809,0.10709059114257495,1.5383737765143717e-08,0.0002548502901239165,0.005205351704110702,0.13110568933188915,0.010237498907372355,1.5383737765143717e-08,0.0,0.0
41,0.013999999999999999,0.0045798344460005564,0.09554651503761609,1.2063203769230313e-09,0.0002772987263597315,0.00715728730817015,0.12478639309604962,0.010479836569478115,1.2063203769230313e-09,0.0,0.0
42,0.014333333333333333,0.004672499101919432,0.09606704426308472,6.282363980888069e-09,0.00032680049359138746,0.005473246700906505,0.13460942233602205,0.010436772912119826,6.282363980888069e-09,0.0,0.0
43,0.014666666666666666,0.0044977422803640366,0.08785328020652135,2.7328380361631155e-09,0.00026582855146746925,0.009887209821802875,0.1126027728120486,0.01077594879704217,2.7328380361631155e-09,0.0,0.0
44,0.015,0.004518234772452463,0.09668623718122642,3.656063761921698e-11,0.00014939643733669072,0.004905711878867199,0.13244427554309368,0.00999323814176023,3.656063761921698e-11,0.0,0.0
45,0.015333333333333334,0.004495641915127635,0.09549185757835706,1.854898606529672e-09,0.00011880193900045317,0.005596527422312647,0.13119220857818922,0.010101631827031573,1.854898606529672e-09,0.0,0.0
46,0.015666666666666666,0.0046124448805737,0.09097400556008021,0.0,0.0001767776793712983,0.005403496732469648,0.1253154631704092,0.010071665281429887,0.0,0.0,0.0
47,0.016,0.004591961197244625,0.09663675849636395,5.886403833116338e-09,0.000272262310924513,0.005334729551880931,0.13466585551699004,0.010437423130497336,5.886403833116338e-09,0.0,0.0
48,0.01633333333333333,0.004543548100627959,0.08621586735049884,0.0,0.00022504735898110084,0.008565475834378352,0.12136533173422019,0.010745463659986854,0.0,0.0,0.0
49,0.016666666666666666,0.004911172320134938,0.08754012982050578,1.8035573035035668e-13,0.0003565446271143931,0.003628550097346306,0.14104429259896278,0.010454742548366388,1.8035573035035668e-13,0.0,0.0
50,0.017,0.004663096158765256,0.08471633493900299,8.84610599586703e-09,0.0004696067771874368,0.006013572565279901,0.13000813499093056,0.010676454054191709,8.84610599586703e-09,0.0,0.0
51,0.017333333333333336,0.00467295905885597,0.08744433584312598,7.041047559811867e-10,0.00013499880151357502,0.005147040802209328,0.13045237896343073,0.0102194685023278,7.041047559811867e-10,0.0,0.0
52,0.017666666666666667,0.004759994451887906,0.08695734788974126,6.795480918716142e-09,0.00017845717896610344,0.006312557418520252,0.12416442732016246,0.010536139675726494,6.795480918716142e-09,0.0,0.0
53,0.018000000000000002,0.004819042650827517,0.0980947936574618,4.443256632994756e-09,0.0003044274859954991,0.005233687562091897,0.14090623954931894,0.011015731686105331,4.443256632994756e-09,0.0,0.0
54,0.018333333333333333,0.004359477277224262,0.06425780057907104,7.023020700871093e-10,0.00023552221440089247,0.013534180587157607,0.10467759395639102,0.011250157530109087,7.023020700871093e-10,0.0,0.0
55,0.018666666666666668,0.0051036937317500515,0.06472977281858523,1.63483371024703e-09,0.00034646202402655035,0.006840623643559714,0.13310029357671738,0.011030609641845027,1.63483371024703e-09,0.0,0.0
56,0.019,0.004643362791587909,0.07071383235355218,4.0182997818050126e-08,0.0002845498329406837,0.009101591538637877,0.11757050889233749,0.010898363776504993,4.0182997818050126e-08,0.0,0.0
57,0.019333333333333334,0.004951327030236523,0.07761962711811066,1.5482128916851263e-08,0.0002713396891825444,0.004800503025762737,0.13320726652940115,0.010587614805748066,1.5482128916851263e-08,0.0,0.0
58,0.019666666666666666,0.004669746694465478,0.0800204910337925,6.676643096465568e-09,0.00025046243293521303,0.005682726177231719,0.12920770173271498,0.010498794494196773,6.676643096465568e-09,0.0,0.0
59,0.02,0.005034976716463764,0.08688600609699886,7.14688539830514e-11,0.0002918661945538285,0.003658787968258063,0.13510177781184515,0.01068129576742649,7.14688539830514e-11,0.0,0.0
60,0.02,0.004748336097691208,0.08182672473291557,4.8694726029197e-10,0.00016575867509042533,0.005120589941119154,0.13253510557115078,0.010481479810550809,4.8694726029197e-10,0.0,0.0
61,0.02,0.004637259446705381,0.07632629666477442,0.0,0.0002606503439892549,0.007595172375052546,0.11989502981305122,0.010721129442875585,0.0,0.0,0.0
62,0.02,0.005057644913904369,0.08029882982373238,0.0,0.0003616109145999265,0.005381404674456765,0.13761099986732006,0.011122803358982006,0.0,0.0,0.0
63,0.02,0.00455644012739261,0.07824383086214463,0.0,0.0002516718316959062,0.005474139625827472,0.1303545186916987,0.010348613761986295,0.0,0.0,0.0
64,0.02,0.004722360036491106,0.07202304465075333,0.0,0.00021279450144599346,0.007447293814038858,0.12136064407726128,0.010664651713644465,0.0,0.0,0.0
65,0.02,0.004763408195382605,0.07668175765623648,0.0,0.0002372817301269,0.003804435720667243,0.1349070935199658,0.010183575718353191,0.0,0.0,0.0
66,0.02,0.004882659491462012,0.0716839898377657,9.225515606077947e-12,0.00031926401910216856,0.004604216179965685,0.13421816937625408,0.010471020359545946,9.225515606077947e-12,0.0,0.0
67,0.02,0.00498652970418334,0.07431207255770762,0.0,0.000335605037738181,0.006023212859872729,0.13161782858272394,0.010946535893405477,0.0,0.0,0.0
68,0.02,0.004750650686522325,0.0798156118641297,0.0,0.00030635292508425965,0.005220392990546922,0.13075224372247854,0.010573458780224124,0.0,0.0,0.0
69,0.02,0.004745273268781602,0.08186505486567815,0.0,0.00028450691752368584,0.0038756829259606698,0.13711898028850555,0.0103783814702183,0.0,0.0,0.0
70,0.02,0.0046401339350268245,0.08006602463622887,0.0,0.0002597000754273419,0.004796032444573939,0.13072247120241323,0.01031461195088923,0.0,0.0,0.0
71,0.02,0.005049299992000063,0.07977980934083462,3.885531896230532e-10,0.0004577396260477447,0.0037717684754170477,0.13851647451519966,0.010815907968208194,3.885531896230532e-10,0.0,0.0
72,0.02,0.004615540887850027,0.08259207817415397,0.0,0.0002040015054565932,0.005338366686676939,0.13301433498660722,0.01046626246534288,0.0,0.0,0.0
73,0.02,0.004805016525400181,0.07762142084538937,0.0,0.00033379004707967397,0.006679744614909093,0.1307708037396272,0.010976587111751238,0.0,0.0,0.0
74,0.02,0.004798431958382328,0.07657777704298496,0.0,0.00018518095809364846,0.005672950646840036,0.12782404323418936,0.010489886781821648,0.0,0.0,0.0
75,0.02,0.004618832084815949,0.08095587479571502,0.0,0.00024780370828617987,0.006275664471710722,0.12924945602814356,0.010639658275370797,0.0,0.0,0.0
76,0.02,0.004331243030416469,0.08327305410057306,0.0,0.0003018434805805252,0.007447695029744257,0.12544720185299715,0.010669415351003408,0.0,0.0,0.0
77,0.02,0.004527812396797041,0.07566569621364276,0.0,0.00018048770743916975,0.006240963334372888,0.1252853317807118,0.010287561531489095,0.0,0.0,0.0
78,0.02,0.004530583003846307,0.0745776245991389,0.0,0.00015089165693401205,0.004597393126459792,0.1310342215001583,0.009943059800813595,0.0,0.0,0.0
79,0.02,0.004985676806730528,0.08060686414440472,7.301221548646394e-12,0.000280014427213852,0.00390639443260928,0.13436236108342806,0.01054167429295679,7.301221548646394e-12,0.0,0.0
80,0.02,0.004662629410934945,0.08115205603341262,0.0,0.00028543199490134913,0.006105581802936892,0.13078219443559647,0.010713141566763321,0.0,0.0,0.0
81,0.02,0.004583050302850704,0.08566610204676788,0.0,0.00024053937401428507,0.004094777589974304,0.1391886149843534,0.010344378417357802,0.0,0.0,0.0
82,0.02,0.0044365607512493925,0.06738246480623881,2.4867147230267506e-10,0.0002827808293659473,0.010400731970245639,0.11318443715572357,0.010930862898627916,2.4867147230267506e-10,0.0,0.0
83,0.02,0.005033712523678939,0.07050337518254916,1.1260758806900621e-09,0.00018056725578693053,0.004876240952095638,0.135810607423385,0.010559621887902418,1.1260758806900621e-09,0.0,0.0
84,0.02,0.004495914365785818,0.07924646387497584,0.0,0.0002805585524280711,0.008302591469449302,0.11684304227431615,0.010773911140859127,0.0,0.0,0.0
85,0.02,0.004563529005584617,0.0871563075731198,0.0,0.0002508538073016098,0.004937378340400755,0.14027898324032625,0.01059743296355009,0.0,0.0,0.0
86,0.02,0.004509203795654078,0.06930354237556458,0.0,0.0001791010260300633,0.0083941700674283,0.1165912797053655,0.010504743782803416,0.0,0.0,0.0
87,0.02,0.004890216320442657,0.07799106029172738,0.0,0.0002198791704965212,0.005623588532519837,0.13439002198477587,0.01076361428325375,0.0,0.0,0.0
88,0.02,0.0043746620455446346,0.08034428705771764,0.0,0.00013327825945452787,0.006807660751898463,0.12285437248647213,0.010273828559244672,0.0,0.0,0.0
89,0.02,0.004430449354307105,0.08488817761341731,0.0,0.00020199265115176482,0.006716002457930396,0.13046567452450594,0.010618519581233462,0.0,0.0,0.0
90,0.02,0.00461930859213074,0.07657172468801339,4.617106696969131e-11,0.00021443907219994193,0.006090239485880981,0.1257442987213532,0.010402627987787127,4.617106696969131e-11,0.0,0.0
91,0.02,0.004442909189189474,0.08095165404180686,0.0,0.00018166922442712044,0.004459953973613058,0.13289851633210978,0.010016570100560784,0.0,0.0,0.0
92,0.02,0.0046681776487578945,0.0841963564356168,8.43245612225374e-13,0.00013720182202329548,0.003673455386888236,0.13831343439718088,0.010173938858012358,8.43245612225374e-13,0.0,0.0
93,0.02,0.0042079343111254275,0.07879297062754631,0.0,0.00013097843172242088,0.008285312699930122,0.11759148662288983,0.010337930095071593,0.0,0.0,0.0
94,0.02,0.0047302477760240436,0.08457594364881516,4.293280574801939e-12,0.00016753055024310015,0.004182695857404421,0.13353959657251835,0.010305763067056736,4.293280574801939e-12,0.0,0.0
95,0.02,0.004544507750930886,0.08840438599387805,0.0,0.00027102878751369036,0.004136976601633553,0.1356976324071487,0.010331820774202546,0.0,0.0,0.0
96,0.02,0.004540533991530538,0.08393036077419917,0.0,0.0002712633813644061,0.005359170017375921,0.1341947534432014,0.010514092243586978,0.0,0.0,0.0
97,0.02,0.004427504919779797,0.07941258046776056,0.0,0.0002215882335197724,0.005125249765114859,0.1338277862717708,0.010195212981974086,0.0,0.0,0.0
98,0.02,0.004552030625442664,0.07851687011619408,0.0,0.00019299541418149602,0.004734281440808748,0.13401144556701183,0.010179162568723163,0.0,0.0,0.0
99,0.02,0.004479069223937889,0.07861513271927834,0.0,0.0001746686848491663,0.004327876881385843,0.13087483495473862,0.009925506388147673,0.0,0.0,0.0
100,0.02,0.004654561208250622,0.08595435010890166,0.0,0.00035958903208666015,0.003671296212511758,0.1416728204737107,0.010484517629568776,0.0,0.0,0.0
101,0.02,0.004436608908387522,0.0701420046389103,0.0,0.0002520283639266078,0.009382918748694161,0.11758102538685004,0.010788827436044812,0.0,0.0,0.0
102,0.02,0.005083864515957733,0.07626663303623597,0.0,0.0004118006448455465,0.00592048365312318,0.13741213642060757,0.011249361171697577,0.0,0.0,0.0
103,0.02,0.004310736510281761,0.07929917611181736,0.0,0.000290342259783453,0.007923594831178585,0.12183662131428719,0.010604693631952008,0.0,0.0,0.0
104,0.02,0.0044989919212336344,0.08253028678397338,0.0,0.00024362256165962512,0.00557810248574242,0.13263525813817978,0.010440450937797626,0.0,0.0,0.0
105,0.02,0.004369954268137614,0.07800055295228958,0.0,0.00023606066315551288,0.005671456795729076,0.12598990214367708,0.010103688264886538,0.0,0.0,0.0
106,0.02,0.0046684702586693065,0.08123034859697024,0.0,0.00020466338780048923,0.004290742722029488,0.1360962794472774,0.01029235178915163,0.0,0.0,0.0
107,0.02,0.004315083962865174,0.08275634174545606,0.0,0.00017620033455993203,0.005668372439686209,0.12756115073959032,0.010114727076143026,0.0,0.0,0.0
108,0.02,0.004471685310515265,0.08413894660770893,0.0,0.0002632321120472625,0.007226968533359468,0.12790651805698872,0.010782568793122968,0.0,0.0,0.0
109,0.02,0.0043900908979897695,0.08175624472399552,5.757464412633103e-11,0.00032529149151135545,0.005711435922421515,0.1327186655253172,0.010432739742100239,5.757464412633103e-11,0.0,0.0
110,0.02,0.004413692203039925,0.07771584205329418,0.0,0.00025946183207755286,0.006048554108322908,0.12592951270441213,0.010258199336628119,0.0,0.0,0.0
111,0.02,0.0046315791745049255,0.0815565378094713,0.0,0.0002606117947531554,0.004629876105658089,0.13573363112906614,0.010395463245610395,0.0,0.0,0.0
112,0.02,0.0045910084930559,0.08675143929819266,0.0,0.0003095667792270736,0.00522966479184106,0.1336775521437327,0.010616571254407367,0.0,0.0,0.0
113,0.02,0.004479322873521596,0.07669205994655688,0.0,0.0001718554406882807,0.006812575952305148,0.12491516396403313,0.01038646666953961,0.0,0.0,0.0
114,0.02,0.0045910047289604945,0.07353173134227593,0.0,0.0001602655653793287,0.004334375873440877,0.13059499797721705,0.009917398681864142,0.0,0.0,0.0
115,0.02,0.004548952934176971,0.0789483729749918,0.0,0.00013643640947217742,0.00487615210780253,0.13514758894840875,0.010186346635843316,0.0,0.0,0.0
116,0.02,0.004575870077436169,0.08012309235831101,0.0,0.0001374747856364896,0.004605429877604668,0.13090509672959647,0.010085265850648284,0.0,0.0,0.0
117,0.02,0.004563924701263507,0.08264529518783092,0.0,0.00018861437395874722,0.0037142995570320636,0.13514406606554985,0.010036901105195284,0.0,0.0,0.0
118,0.02,0.004341386452627678,0.08427901938557625,0.0,0.00014314612599264365,0.0034570434945635498,0.1348389033228159,0.009731152017290393,0.0,0.0,0.0
119,0.02,0.004465410835109651,0.0797663318614165,0.0,0.00016345778991914509,0.0050833329344944405,0.13061269000172615,0.01010728208348155,0.0,0.0,0.0
120,0.02,0.0046836337229857845,0.07991820387542248,0.0,0.00017738232600095216,0.0037964370664364346,0.14177793388565382,0.010244047890106836,0.0,0.0,0.0
121,0.02,0.004427283226201932,0.07436124111215274,0.0,0.00018286896435408076,0.00733267543061326,0.12116596661508083,0.010353864869102836,0.0,0.0,0.0
122,0.02,0.004568363578679661,0.08043148430685203,0.0,0.00019185409473720938,0.005257579109941919,0.13228040002286434,0.01032885016563038,0.0,0.0,0.0
123,0.02,0.0044788764595674975,0.08792606058220069,0.0,0.00022116099959627414,0.004939493354565154,0.13798076659440994,0.010453047308449944,0.0,0.0,0.0
124,0.02,0.004390575923025608,0.08105242066085339,0.0,0.00040099927718983963,0.005909668281674385,0.13124781412382922,0.01051499710107843,0.0,0.0,0.0
125,0.02,0.004595281245807807,0.0750642257432143,0.0,0.00022970937425270677,0.004688462960378577,0.1319057202587525,0.01013650504561762,0.0,0.0,0.0
126,0.02,0.0047575042699463665,0.07572263789673646,0.0,0.0002101143945765216,0.005120336854209502,0.13119450894494852,0.01038604563412567,0.0,0.0,0.0
127,0.02,0.004360394707570474,0.08440718737741311,0.0,0.00021567386829701718,0.005191453577329715,0.12999818287789822,0.010162039116645852,0.0,0.0,0.0
128,0.02,0.004404808840869616,0.08017058422168095,0.0,0.00017447434523395108,0.006477212707977742,0.1253151074051857,0.010308300144970417,0.0,0.0,0.0
129,0.02,0.004666968947276473,0.07868255612750848,0.0,0.000283745712901388,0.004700240853708237,0.13607588099936643,0.01042094361037016,0.0,0.0,0.0
130,0.02,0.004476927686482668,0.08269295655190945,0.0,0.00015595281790107643,0.00538172972543786,0.12985587616761526,0.010229289376487335,0.0,0.0,0.0
131,0.02,0.004564063468327125,0.08770204832156499,0.0,0.0001528084697686912,0.0044814574454600615,0.138179462403059,0.010354866196090976,0.0,0.0,0.0
132,0.02,0.004361141783495744,0.07645326604445775,0.0,0.00013440364576429906,0.007219987717689946,0.12052782562871774,0.010240164119750261,0.0,0.0,0.0
133,0.02,0.004705473586606483,0.08253617336352666,0.0,0.0001612388987268787,0.004891918137824784,0.1356523372232914,0.010453461979826292,0.0,0.0,0.0
134,0.02,0.004761952285965283,0.0839251521974802,1.7711847682955195e-08,0.0003159433466256208,0.005146576217763747,0.13157373604675135,0.010674552603935203,1.7711847682955195e-08,0.0,0.0
135,0.02,0.004543026948037247,0.08322708184520404,5.9045363302404987e-08,0.0004111561417327418,0.0070753523032180965,0.12666226302584013,0.010920925997197628,5.9045363302404987e-08,0.0,0.0
136,0.02,0.0045817743909234805,0.08376801448563735,6.876800693704037e-09,0.0004840635817042009,0.0055445881055978434,0.13879123205939928,0.010903183914100131,6.876800693704037e-09,0.0,0.0
137,0.02,0.004511179421873142,0.07454898084203403,1.6691948864873646e-08,0.0002040575218416052,0.007808155186163883,0.11906425841152668,0.010539573772499958,1.6691948864873646e-08,0.0,0.0
138,0.02,0.004681059469779332,0.0785829604913791,0.0,0.00017977264481790675,0.00393471298351263,0.13499756654103598,0.010116120877986154,0.0,0.0,0.0
139,0.02,0.004599541212276866,0.08352461643517017,0.0,0.00022513169036149824,0.004148456151597202,0.13414113906522593,0.010215102151657144,0.0,0.0,0.0
140,0.02,0.004423573729582131,0.08893026473621528,0.0,0.0001916022747536772,0.00465394277125597,0.13459988248844942,0.010249264460677901,0.0,0.0,0.0
141,0.02,0.00443086513162901,0.0871598453571399,0.0,0.0002898743502252425,0.00458016816022185,0.13179173755149046,0.010244813204432527,0.0,0.0,0.0
142,0.02,0.004467779033196469,0.08520471242566903,0.0,0.0003111233466673487,0.0053987147596975165,0.13399622589349747,0.010512599954381585,0.0,0.0,0.0
143,0.02,0.004562036522353689,0.0768612353131175,0.0,0.00022380310959609537,0.006493089623594035,0.12818790351351103,0.01051009469665587,0.0,0.0,0.0
144,0.02,0.004526528238784522,0.07724886573851109,0.0,0.0002360901241142225,0.0056565161018321914,0.12818961714704832,0.01028551689038674,0.0,0.0,0.0
145,0.02,0.004646331653930247,0.08365856111049652,0.0,0.00016389207848988008,0.004271613841410726,0.13488657275835672,0.010249029767389098,0.0,0.0,0.0
146,0.02,0.004510754137299955,0.0805125714590152,0.0,0.00016591502935625613,0.004842531925532967,0.1316892864803473,0.010131339232126871,0.0,0.0,0.0
147,0.02,0.004483938644019266,0.08363641363879044,0.0,0.0002027120044658659,0.005317898700013757,0.1285561596353849,0.010259976532931129,0.0,0.0,0.0
148,0.02,0.004341102535060297,0.08872878737747669,0.0,0.000258525914735704,0.004093237599590793,0.13533206408222517,0.010104154702275991,0.0,0.0,0.0
149,0.02,0.004522597184404731,0.07786903468271096,2.599088444465991e-09,0.00016434585389409526,0.004371127627867584,0.1327333419273297,0.009991777672742804,2.599088444465991e-09,0.0,0.0
150,0.02,0.004789283693147202,0.07676518708467484,0.0,0.00030445387710642535,0.004185885491703327,0.13816129664580026,0.010438738390803337,0.0,0.0,0.0
151,0.02,0.004424066515639424,0.08071130514144897,0.0,0.00020994755262411977,0.005835244616415973,0.12630428249637285,0.0102331368252635,0.0,0.0,0.0
152,0.02,0.004642446991056204,0.08247032140692075,0.0,0.00021165273210499436,0.003685866822100555,0.13593815515438715,0.010143735678866506,0.0,0.0,0.0
153,0.02,0.004626805195584893,0.08091829841335614,0.0,0.00016409128996504782,0.0054331590557315694,0.12740839210649332,0.010315719991922379,0.0,0.0,0.0
154,0.02,0.004364803045367201,0.08904695759216945,0.0,0.00021333919903554488,0.005072169937193394,0.13556034304201603,0.010338330718999108,0.0,0.0,0.0
155,0.02,0.004473055596463382,0.08491765769819419,0.0,0.00040750374985994614,0.005832578463014215,0.13386393214265505,0.010714335599914193,0.0,0.0,0.0
156,0.02,0.004576298311197509,0.08396855120857556,0.0,0.0002330459883523872,0.006242351975136747,0.13080482495327792,0.010665399798502525,0.0,0.0,0.0
157,0.02,0.004325465570824842,0.0822351307918628,0.0,0.00019939756809132328,0.005712701192048068,0.12886587778727213,0.010175058618187904,0.0,0.0,0.0
158,0.02,0.0042619120989305275,0.08345657587051392,0.0,0.0001622658049503419,0.005591394049891581,0.12828918422261873,0.010056941692406932,0.0,0.0,0.0
159,0.02,0.004399275640025735,0.08013173999885718,0.0,0.00020752576650314344,0.006685770698823035,0.12729954347014427,0.010426869848743081,0.0,0.0,0.0
160,0.02,0.004508024353223543,0.07640815960864226,0.0,0.0002612029826802124,0.006777354787724714,0.1298095186551412,0.010587919348229965,0.0,0.0,0.0
161,0.02,0.004604068448922287,0.07684820145368576,0.0,0.00020181979137608627,0.0050215293692114455,0.1311529657493035,0.010221293816963831,0.0,0.0,0.0
162,0.02,0.00454601595023026,0.08002294600009918,0.0,0.00021274597565934528,0.0049000700140216695,0.13420095046361288,0.010268257387603322,0.0,0.0,0.0
163,0.02,0.004599717814320077,0.07961156157155831,0.0,0.0002608612388333616,0.00381331704556942,0.13488902958730856,0.010103919931376973,0.0,0.0,0.0
164,0.02,0.004551604040898383,0.07183910471697648,0.0,0.00024303529850537112,0.006330261259184529,0.12625598348677158,0.01033910627787312,0.0,0.0,0.0
165,0.02,0.004665209834153454,0.08056752166400354,0.0,0.0002653650365876577,0.004083300504134968,0.1414735863606135,0.01039222216544052,0.0,0.0,0.0
166,0.02,0.004432751021037499,0.06952210795134306,2.6587975898992194e-09,0.0001245240946445847,0.010435764639017483,0.11243471503257751,0.010805358178913593,2.6587975898992194e-09,0.0,0.0
167,0.02,0.0045386021956801414,0.07843978889286518,1.134951507775206e-11,0.00014693375912126308,0.004312128333064417,0.13548938309152922,0.01004215128098925,1.134951507775206e-11,0.0,0.0
168,0.02,0.004404428667233636,0.08284277406831582,0.0,0.00019361682583015258,0.003956609890641023,0.13255652723213038,0.009895183922102055,0.0,0.0,0.0
169,0.02,0.0044948056650658446,0.08212983421981335,0.0,0.00020676982300453042,0.005079683255947505,0.13255911196271578,0.01026527505988876,0.0,0.0,0.0
170,0.02,0.004432923024675499,0.0818394748494029,0.0,0.00017240580018551555,0.005724632802108924,0.13070344552397728,0.01028734523182114,0.0,0.0,0.0
171,0.02,0.00451850153816243,0.07867388737698396,0.0,0.00014157755504129454,0.007005712327857812,0.1227353202799956,0.010439691211407384,0.0,0.0,0.0
172,0.02,0.004397006899428864,0.0847823228687048,0.0,0.0001996866528012712,0.004150117398239672,0.13507343083620071,0.010031337927406033,0.0,0.0,0.0
173,0.02,0.004493939069410165,0.07882877563436826,1.0879904384826962e-09,0.0001678981316217687,0.00417801863901938,0.13104564882814884,0.009903832338750362,1.0879904384826962e-09,0.0,0.0
174,0.02,0.004691502933079998,0.07815558711687724,0.0,0.0003348190287700466,0.0036768950909997025,0.1381463874131441,0.010271585158382853,0.0,0.0,0.0
175,0.02,0.004325146748063465,0.07246091030538082,0.0,0.0002038583303753209,0.008940383258353298,0.1155833899974823,0.010524986622234186,0.0,0.0,0.0
176,0.02,0.004618427910221119,0.07572860767443974,0.0,0.0002432246704605253,0.004307254615317409,0.13854685984551907,0.010223975637927651,0.0,0.0,0.0
177,0.02,0.004535672002627204,0.075141292065382,0.0,0.00018821204381917292,0.006109921281070759,0.12726966167489687,0.010299583353723088,0.0,0.0,0.0
178,0.02,0.004675202537328005,0.08090843136111896,0.0,0.0003551983403061361,0.005893931452495356,0.13691304872433344,0.010860313273345431,0.0,0.0,0.0
179,0.02,0.0046534150606021285,0.07898609743764003,0.0,0.00044913355729174026,0.005441038112621754,0.13173302138845125,0.010677190575127801,0.0,0.0,0.0
180,0.02,0.0047852562662834925,0.0791652084638675,0.0,0.0004268281106002784,0.004952903002655755,0.1353359203785658,0.010740332771092653,0.0,0.0,0.0
181,0.02,0.004568356787785888,0.08049786028762658,0.0,0.0002083891067741206,0.00557509416830726,0.13012331848343214,0.010382943010578552,0.0,0.0,0.0
182,0.02,0.0044321256573311985,0.07744152595599492,0.0,0.00019311879683906832,0.005789675012541314,0.12797767234345278,0.010181047099952897,0.0,0.0,0.0
183,0.02,0.0044861529604531825,0.07811957225203514,0.0,0.0002536102080436346,0.004936890424384425,0.13036986564596495,0.010143774406363567,0.0,0.0,0.0
184,0.02,0.004710486081118385,0.08096365382273991,0.0,0.0002336165325687034,0.0033312061762747667,0.14087853456536928,0.010213747853413224,0.0,0.0,0.0
185,0.02,0.004503763009173174,0.07308485669394334,1.631657919887175e-09,0.0001349662688880926,0.006873904416958491,0.12198987168570359,0.01025870341497163,1.631657919887175e-09,0.0,0.0
186,0.02,0.004757279801803331,0.08139237202703953,0.0,0.00019128911966011705,0.004490409259839605,0.13748322241008282,0.010448683053255081,0.0,0.0,0.0
187,0.02,0.004372183466330171,0.07481621019542217,4.116431038629168e-11,0.00019020526876071622,0.008946084475610405,0.11761191921929519,0.010647472304602465,4.116431038629168e-11,0.0,0.0
188,0.02,0.0045697682071477175,0.07943788170814514,0.0,0.0001662239295304365,0.005098409950733185,0.1301735881716013,0.010202823982884487,0.0,0.0,0.0
189,0.02,0.004563561563069622,0.08816983178257942,0.0,0.00022186358971036194,0.005105242754022281,0.13433084078133106,0.010511749346430102,0.0,0.0,0.0
190,0.02,0.004261664658163984,0.08161482214927673,0.0,0.0001999801794833426,0.006203025812283158,0.12248906989892323,0.010094479114438096,0.0,0.0,0.0
191,0.02,0.0045412144002815085,0.07984836834172408,0.0,0.00016673972337836554,0.0034153511902938285,0.13771562092006207,0.00991307144674162,0.0,0.0,0.0
192,0.02,0.0043170252271617455,0.0777196070800225,0.0,0.00016824882368382532,0.005742826615460217,0.1283072338749965,0.010041517515977224,0.0,0.0,0.0
193,0.02,0.00454185763373971,0.07836799137294292,2.7584511642457046e-12,0.0002166869871871313,0.006434840509124721,0.13149385961393514,0.010564491618424654,2.7584511642457046e-12,0.0,0.0
194,0.02,0.004681043229841937,0.07573703738550346,0.0,0.0003325825291540241,0.0060018923444052534,0.1310375469426314,0.010649590520188212,0.0,0.0,0.0
195,0.02,0.004347292531747371,0.08336898498237133,3.242187645672671e-09,0.00025543032340162125,0.007107405224815011,0.1262956274052461,0.010572872512663404,3.242187645672671e-09,0.0,0.0
196,0.02,0.004469262746473153,0.0862284346173207,1.02731638011259e-09,0.00030193467500794213,0.005112464132253081,0.13455287305017313,0.010464941694711646,1.02731638011259e-09,0.0,0.0
197,0.02,0.0044551548004771275,0.07935711431006591,5.6514622932245705e-08,0.00019309117002800727,0.0051314673231293755,0.12778218276798725,0.010074011826266846,5.6514622932245705e-08,0.0,0.0
198,0.02,0.004760008809777598,0.07916110567748547,2.3937099894825544e-09,0.00026724634638715844,0.003937413789875184,0.13671311425666013,0.010329097819825014,2.3937099894825544e-09,0.0,0.0
199,0.02,0.004432384739629924,0.08262922987341881,7.732346244774628e-11,0.0002878588790432938,0.005291107906183849,0.13157345354557037,0.010327074211090803,7.732346244774628e-11,0.0,0.0
200,0.02,0.004677118927550812,0.09034016417960326,0.0,0.0002977627015449495,0.0035949046335493526,0.13857916370034218,0.010451994137838483,0.0,0.0,0.0
201,0.02,0.0043982980617632466,0.09031228783229987,0.0,0.00024579708830666885,0.0049458388627196355,0.13277185273667177,0.01034223761719962,0.0,0.0,0.0
202,0.02,0.004347092316796382,0.08778293120364349,0.0,0.0001714429969676227,0.004708574948987613,0.13016343799730143,0.010054606556271514,0.0,0.0,0.0
203,0.02,0.004560014737459521,0.08382436446845531,0.0,0.00023574941527234236,0.0029571839064980545,0.13708426741262278,0.00995323263729612,0.0,0.0,0.0
204,0.02,0.004550767441590627,0.07968151631454627,1.018947889027307e-10,0.0002310697382199578,0.0037987135680547604,0.13559291449685892,0.010037004404390851,1.018947889027307e-10,0.0,0.0
205,0.02,0.00462174442751954,0.08177644448975722,0.0,0.0001598444972235787,0.003894681198289618,0.1361806516846021,0.010114400958021482,0.0,0.0,0.0
206,0.02,0.004471338722699632,0.0798516081025203,1.1579922206313615e-09,0.000228759236051701,0.004960122721968219,0.12953508893648782,0.01012786477804184,1.1579922206313615e-09,0.0,0.0
207,0.02,0.004473410546779633,0.07956657279282808,0.0,0.00018729579399708504,0.00426664826227352,0.13783445643881956,0.0100753887090832,0.0,0.0,0.0
208,0.02,0.004521875098968546,0.0747177576025327,0.0,0.00021082178560997514,0.006486268908095856,0.12567614018917084,0.010362142076094946,0.0,0.0,0.0
209,0.02,0.004662413964979351,0.08209946937859058,0.0,0.00029341973034509766,0.004827589650327961,0.13546595660348734,0.010514039546251297,0.0,0.0,0.0
210,0.02,0.0043762632412835956,0.08326678536832333,0.0,0.00021467388978635427,0.005064953642431647,0.13162762175003687,0.010155063588172197,0.0,0.0,0.0
211,0.02,0.0043187439247655375,0.0816076286137104,0.0,0.0002095550329007286,0.0053493938175961375,0.13183250278234482,0.010134449927136302,0.0,0.0,0.0
212,0.02,0.004735341994091868,0.08444073610007763,0.0,0.00030387605268818635,0.0035240401921328157,0.1392318153132995,0.010393679064388076,0.0,0.0,0.0
213,0.02,0.004411504157663633,0.08470167467991511,3.7965686150442934e-11,0.00017909118165941132,0.004724755960827072,0.13104919344186783,0.010086801834404469,3.7965686150442934e-11,0.0,0.0
214,0.02,0.0044088268574948115,0.08539057274659474,0.0,0.0002064429797125437,0.00556920863649187,0.1289618108421564,0.010294619559620818,0.0,0.0,0.0
215,0.02,0.004504130396526307,0.08537579327821732,0.0,0.00025409075533389114,0.003825974155915901,0.13622078485786915,0.010146645829081535,0.0,0.0,0.0
216,0.02,0.004434351615297298,0.0828261710703373,0.0,0.00016732878248149063,0.004090544360224158,0.13285968080163002,0.009938033064827323,0.0,0.0,0.0
217,0.02,0.004402992703641455,0.07876996075113614,0.0,0.00019279823451749203,0.005463006945016484,0.13052707662185034,0.010147483243296543,0.0,0.0,0.0
218,0.02,0.00461430490637819,0.07848732980589072,1.3129251204742805e-09,0.00024864183797035366,0.0033730055923418454,0.13564804630974928,0.009988908267890414,1.3129251204742805e-09,0.0,0.0
219,0.02,0.0045132762170396745,0.07897465551892917,1.4559023736593346e-08,0.00026682490776389994,0.007861888637611022,0.13051983589927355,0.010935492192705473,1.4559023736593346e-08,0.0,0.0
220,0.02,0.00430257385596633,0.08797585405409336,0.0,0.00023930592700101747,0.004277569823898375,0.1367577761411667,0.010105944549043974,0.0,0.0,0.0
221,0.02,0.004379268852062523,0.08544552884995937,0.0,0.00026255781873866607,0.0063599478647423284,0.12412002931038539,0.010423124535009265,0.0,0.0,0.0
222,0.02,0.004530591734995444,0.08338695081571738,1.7505047411603414e-10,0.0003482241348441069,0.005744727823184803,0.1359738993148009,0.01070221490226686,1.7505047411603414e-10,0.0,0.0
223,0.02,0.004281885999565323,0.07088446523994207,6.004450634790326e-08,0.0002133598300133599,0.007031757578564187,0.12478127268453439,0.010166620059559742,6.004450634790326e-08,0.0,0.0
224,0.02,0.00476623031621178,0.07297837485869725,3.5424626195397955e-09,0.000306734871022248,0.005757846112828702,0.1306472017119328,0.01058494516958793,3.5424626195397955e-09,0.0,0.0
225,0.02,0.004620851405585806,0.08022475490967433,2.5759422743002838e-09,0.00021794208078063093,0.0038788075326010585,0.13471965678036213,0.010107388564695915,2.5759422743002838e-09,0.0,0.0
226,0.02,0.004466585756745189,0.0788473558301727,9.956049873416362e-12,0.00019320485080243088,0.0060540522875574725,0.12861965596675873,0.010322643909603357,9.956049873416362e-12,0.0,0.0
227,0.02,0.00456588560094436,0.08087901150186856,0.0,0.00018127734074369073,0.004129640379687771,0.13460039906203747,0.010089161184926828,0.0,0.0,0.0
228,0.02,0.004601201508194208,0.07936786860227585,0.0,0.00020192824740661308,0.004530310892732814,0.13203544293840727,0.01016377347211043,0.0,0.0,0.0
229,0.02,0.004534898325800896,0.0846423568824927,3.58238142564767e-13,0.0003123887296775744,0.0031699627094591656,0.14035242795944214,0.010139673405016461,3.58238142564767e-13,0.0,0.0
230,0.02,0.00451519712805748,0.08057740827401479,0.0,0.00014146294961392414,0.004613530298229307,0.13673439559837183,0.010156278653691212,0.0,0.0,0.0
231,0.02,0.004494295921176672,0.07277180192371209,0.0,0.00018677219425929556,0.006003209777797262,0.12488115951418877,0.010134929791092873,0.0,0.0,0.0
232,0.02,0.004603302610727648,0.078918958393236,0.0,0.0001662587201280985,0.004565631708828732,0.13318084801236788,0.010152965240801374,0.0,0.0,0.0
233,0.02,0.004638299229554832,0.0826180459310611,0.0,0.0002770018212080079,0.00391341087136728,0.13853049464523792,0.010316624694193402,0.0,0.0,0.0
234,0.02,0.004536324452298383,0.07504939225812753,0.0,0.00018895629060959132,0.004360422016664718,0.1313611331085364,0.009943596553057432,0.0,0.0,0.0
235,0.02,0.004588394794457902,0.07614840598156054,0.0,0.00016041280165760932,0.003679009600697706,0.1320705624918143,0.009832939288268486,0.0,0.0,0.0
236,0.02,0.004567069137313713,0.08007702603936195,1.946083707666154e-09,0.0003181971666587439,0.005971840175334364,0.13137010547022024,0.010607172812645635,1.946083707666154e-09,0.0,0.0
237,0.02,0.0043287628213875,0.08284890279173851,0.0,0.00013068599582766183,0.004024843510705978,0.13411535446842512,0.00980494481821855,0.0,0.0,0.0
238,0.02,0.0046976503217592835,0.07653514326860507,0.0,0.00020145182619065358,0.0044078262386998785,0.13310410703221956,0.010193843472128114,0.0,0.0,0.0
239,0.02,0.004490233492106199,0.07893501222133636,4.04638426469243e-09,0.00014718679206756255,0.005221951132019361,0.13343393740554652,0.010190295210729042,4.04638426469243e-09,0.0,0.0
240,0.02,0.004425987058008711,0.07916783479352792,0.0,0.00018028634015839393,0.005030036690489699,0.1302978259821733,0.010053095640614629,0.0,0.0,0.0
241,0.02,0.0044997358151401086,0.07961121449867885,2.3340720273212767e-08,0.00020414400326747759,0.004518990657137086,0.13502655737102032,0.010126429454733929,2.3340720273212767e-08,0.0,0.0
242,0.02,0.004408012183072667,0.07929441922654708,0.0,0.00021916740600621173,0.0069356168193432195,0.12518785831828913,0.01045072932417194,0.0,0.0,0.0
243,0.02,0.004429419136916597,0.08196995407342911,2.8073857451701065e-09,0.0001886353978382734,0.00502039603694963,0.1303932269414266,0.010120422812178731,2.8073857451701065e-09,0.0,0.0
244,0.02,0.004570569881858925,0.08476305504639943,0.0,0.0002568545805843314,0.004263790401940544,0.1378526296466589,0.010345685761421919,0.0,0.0,0.0
245,0.02,0.004603686470848818,0.08249375286201636,0.0,0.00026003904531535227,0.004214469207605968,0.13521429585913816,0.010271503667657575,0.0,0.0,0.0
246,0.02,0.004523623967543244,0.0828648762156566,1.5232335069207774e-11,0.00016481236343679484,0.004186894366284832,0.13331199437379837,0.010058697235460082,1.5232335069207774e-11,0.0,0.0
247,0.02,0.0044798984308727086,0.0886827955643336,0.0,0.00019669482996202228,0.0041575303572850926,0.13356317952275276,0.01016089521969358,0.0,0.0,0.0
248,0.02,0.004531914135441184,0.08864815160632133,0.0,0.00029670870147432044,0.004589377000229433,0.13543584135671458,0.010457646722594896,0.0,0.0,0.0
249,0.02,0.004558946394051115,0.07691726398964722,0.0,0.00015734791001401996,0.006504291164067884,0.12526004451016584,0.010385912920658788,0.0,0.0,0.0
250,0.02,0.004628371835375826,0.08219176096220811,0.0,0.0001454371182868878,0.004505277727730572,0.13505781131486097,0.010245119609559575,0.0,0.0,0.0
251,0.02,0.004485590771461527,0.08181955696394046,0.0,0.00025472907327639405,0.0050146448775194585,0.13203436074157557,0.010271059349179268,0.0,0.0,0.0
252,0.02,0.004532939094739656,0.0829352301855882,2.0039564914882863e-11,0.00034498584803562454,0.005057739986417194,0.13402017888923487,0.010481468169018626,2.0039564914882863e-11,0.0,0.0
253,0.02,0.004665054710737119,0.087710652500391,0.0,0.00031106404700646334,0.005114427631876121,0.13461593352258205,0.010701257347439727,0.0,0.0,0.0
254,0.02,0.004329232615418732,0.08128507186969121,0.0,0.00021257590378809255,0.006233845012805735,0.12597552500665188,0.010245481583600244,0.0,0.0,0.0
255,0.02,0.00447006671068569,0.08288111537694931,0.0,0.00012311669161135796,0.003161281686819469,0.13625346620877585,0.009766195435076952,0.0,0.0,0.0
256,0.02,0.004541469970718026,0.08038413959244887,0.0,0.0001449911724193953,0.0038233913752871254,0.13422705108920732,0.009934532921761274,0.0,0.0,0.0
257,0.02,0.004359470719161133,0.08073423740764459,0.0,0.00011356448279305671,0.006304991140495986,0.12622020269433656,0.010188371719171604,0.0,0.0,0.0
258,0.02,0.00456216000020504,0.08250469776491325,0.0,0.00018180576807935722,0.005561629329652836,0.13154175567130247,0.010415302201484641,0.0,0.0,0.0
259,0.02,0.004529828748976191,0.08321798716982205,0.0,0.00015616236729935432,0.00564901006873697,0.134033794204394,0.01044327913162609,0.0,0.0,0.0
260,0.02,0.0043968327809125185,0.07584684249013662,0.0,0.0002421086640727784,0.00888260300659264,0.11797190519670646,0.0107359669636935,0.0,0.0,0.0
261,0.02,0.004496347547198336,0.08171381615102291,0.0,0.00020228074511881763,0.005972756092281391,0.12895850961407027,0.010405263785893718,0.0,0.0,0.0
262,0.02,0.0046197603999947505,0.0844632958372434,0.0,0.00027180871620657854,0.003628523515847822,0.1356552131474018,0.010201070224866271,0.0,0.0,0.0
263,0.02,0.004761764663271606,0.08859728835523129,4.9510721448579415e-09,0.00045645761383639183,0.0036621330752192685,0.1448444426059723,0.01080260006710887,4.9510721448579415e-09,0.0,0.0
264,0.02,0.004313343670219183,0.07820699736475945,2.807016655573258e-09,0.00019419666265700167,0.008028636414868137,0.121131115903457,0.01050146707954506,2.807016655573258e-09,0.0,0.0
265,0.02,0.0046700604337578016,0.08076488381872575,2.145333842079036e-10,0.0002936203339534889,0.004862153514598806,0.13358071632683277,0.010466131459300717,2.145333842079036e-10,0.0,0.0
266,0.02,0.004397898291548093,0.07976455489794414,0.0,0.0001907895536229868,0.005213172174990177,0.1295749427129825,0.010078770651792487,0.0,0.0,0.0
267,0.02,0.004663488594815135,0.08190823843081792,0.0,0.00024547070885698,0.0038170259261581427,0.13864313376446566,0.010274243153010806,0.0,0.0,0.0
268,0.02,0.004396131708441923,0.0766032791386048,3.5950272851229905e-11,0.00021933197300919952,0.006107403683320929,0.12656305419902006,0.010205641388893127,3.5950272851229905e-11,0.0,0.0
269,0.02,0.004460069350898266,0.07777784143884976,0.0,0.0002238684319308959,0.005584810472403963,0.12768817320466042,0.010189460590481758,0.0,0.0,0.0
270,0.02,0.004688281546502064,0.07933777446548144,1.5319695743457966e-11,0.00031146676701609977,0.00563042835953335,0.1338755153119564,0.010671620955690742,1.5319695743457966e-11,0.0,0.0
271,0.02,0.0044655890281622606,0.07681762396047513,0.0,0.0004579221889192316,0.007814925358009836,0.12590884355207285,0.010931771947070956,0.0,0.0,0.0
272,0.02,0.0045973196004827814,0.08110924313465755,7.01419737107282e-10,0.00018104071265649205,0.0032241695638125143,0.14025003711382547,0.010011589620262384,7.01419737107282e-10,0.0,0.0
273,0.02,0.004660784616135061,0.07985771385331948,1.991020267174311e-08,0.00027859961725577403,0.005630157907338192,0.12694531679153442,0.010483024176210165,1.991020267174311e-08,0.0,0.0
274,0.02,0.004462722805328667,0.08774151342610519,0.0,0.00020306469923525583,0.0032140922946079322,0.13976343596975008,0.010019409392649928,0.0,0.0,0.0
275,0.02,0.004478219314478338,0.075515183309714,9.371737570916586e-10,0.00020737458180519752,0.005390522186644375,0.12857870819667974,0.010115104028955102,9.371737570916586e-10,0.0,0.0
276,0.02,0.004592262984563907,0.07542545969287555,0.0,0.00015023355384376677,0.005029433998667325,0.13300669503708681,0.010168498071531454,0.0,0.0,0.0
277,0.02,0.004444198644099136,0.08409796096384525,0.0,0.0001885584521611842,0.004875585873378441,0.13379192352294922,0.010209451351935664,0.0,0.0,0.0
278,0.02,0.00453827246868362,0.07858385518193245,3.1317118620588502e-09,0.00027312296818611986,0.004837534565012902,0.1317697030802568,0.010227856381485859,3.1317118620588502e-09,0.0,0.0
279,0.02,0.0046061211420844,0.08079872280359268,1.5934767394476523e-11,0.00018634134236587366,0.00406789526459761,0.1395548197130362,0.010216506974150738,1.5934767394476523e-11,0.0,0.0
280,0.02,0.004487324603057156,0.08131410243610541,0.0,0.00023949531775239544,0.005676826268124084,0.12716791778802872,0.01031566682892541,0.0,0.0,0.0
281,0.02,0.004562645413291951,0.08784045092761517,0.0,0.0002760136734044257,0.0032641058011601367,0.13913782934347788,0.010194251080974936,0.0,0.0,0.0
282,0.02,0.004411956431188931,0.08429128552476566,2.090807268058844e-09,0.00027571473522887874,0.005724605075859775,0.13052916713058949,0.01041523568953077,2.090807268058844e-09,0.0,0.0
283,0.02,0.0044643253010387225,0.0804154599706332,1.0114019436772519e-09,0.00020764567246563578,0.004489640608274688,0.13629409049948057,0.010128574057792624,1.0114019436772519e-09,0.0,0.0
284,0.02,0.004450981932071348,0.07771289969484012,0.0,0.00017579368917116275,0.0054122577227341635,0.12764696466426054,0.010087037226185203,0.0,0.0,0.0
285,0.02,0.004812892681608598,0.08095093381901582,0.0,0.0002338954927836312,0.003307489193199823,0.13807438251872858,0.010254166399439177,0.0,0.0,0.0
286,0.02,0.0044797528923178715,0.08483599002162616,0.0,0.00018800807022974672,0.004884230865476032,0.1320999333014091,0.010227537015452981,0.0,0.0,0.0
287,0.02,0.004519838315900415,0.08908211750288804,0.0,0.0002977769745484693,0.0038776772756439946,0.13627759056786695,0.010294228714580337,0.0,0.0,0.0
288,0.02,0.004296016355510801,0.08022814368208249,0.0,0.0001808165046289408,0.005264495295705274,0.1317173366745313,0.010031866142526269,0.0,0.0,0.0
289,0.02,0.00481504943066587,0.07645382297535737,8.990174530746723e-10,0.00015547014118055813,0.0031473614605298885,0.13730562788744768,0.010032550897449255,8.990174530746723e-10,0.0,0.0
290,0.02,0.004575295412602524,0.0763233881443739,2.79656721854001e-09,0.00012495199734985363,0.004515934357186779,0.13273833940426508,0.010010471024240056,2.79656721854001e-09,0.0,0.0
291,0.02,0.004546911494495968,0.08203129408260186,0.0,0.00021011735589127056,0.0044684830160501105,0.13598826651771864,0.010234540794044733,0.0,0.0,0.0
292,0.02,0.004463676499047627,0.07843754285325606,0.0,0.00023880974852848644,0.004907481973835577,0.1289821950097879,0.010077751474454999,0.0,0.0,0.0
293,0.02,0.004414546691502134,0.07588399232675631,0.0,0.00014027852800306087,0.0070993891373897595,0.12664676023026308,0.010380287654697895,0.0,0.0,0.0
294,0.02,0.004517646661649148,0.0791106466203928,0.0,0.0002665878419065848,0.004086124021948005,0.13293887116014957,0.010046755739798149,0.0,0.0,0.0
295,0.02,0.004628526900584499,0.0790162527312835,3.541630803442312e-09,0.00022186378616121752,0.004522238440889244,0.13619574159383774,0.010285197291523218,3.541630803442312e-09,0.0,0.0
296,0.02,0.004472432755089055,0.0790934848288695,0.0,0.00016992066654590113,0.005169776229498287,0.13306125874320665,0.010177892089510957,0.0,0.0,0.0
297,0.02,0.004371866467408836,0.07435643176237743,0.0,0.00016457083741746223,0.0062359034006173415,0.1281373811264833,0.01014528920253118,0.0,0.0,0.0
298,0.02,0.004567394343515237,0.07775276526808739,0.0,0.00022473616809293162,0.004885814822046086,0.13086111098527908,0.0101858617272228,0.0,0.0,0.0
299,0.02,0.004491800539350758,0.07867455296218395,0.0,0.00023495384933388172,0.007253454910824075,0.12672964110970497,0.010648201840619246,0.0,0.0,0.0
300,0.02,0.004432873451150954,0.08491825498640537,0.0,0.0002306058425650311,0.005532659900685151,0.1299534005423387,0.01034407721211513,0.0,0.0,0.0
301,0.02,0.004493813418472807,0.07835185776154201,0.0,0.0002721162751792387,0.006561446391666929,0.13038765639066696,0.010581081345056495,0.0,0.0,0.0
302,0.02,0.004521522554568946,0.08032708801329136,0.0,0.00018051899860438425,0.005277549673337489,0.13310638070106506,0.010290098221351704,0.0,0.0,0.0
303,0.02,0.004373566422145814,0.07695317827165127,0.0,0.0002183467634798338,0.005699457270869364,0.12654507346451283,0.010086742229759693,0.0,0.0,0.0
304,0.02,0.004726069358487924,0.07921209683020909,1.2579695803556963e-09,0.00030878807471405406,0.0032571370732815317,0.14032682466010252,0.010239922596762577,1.2579695803556963e-09,0.0,0.0
305,0.02,0.0045885963675876456,0.07511605446537335,0.0,0.00038492192591850954,0.005634302642041196,0.12980778949956098,0.010480570762107769,0.0,0.0,0.0
306,0.02,0.004702093545347452,0.07510264373073976,1.897813787602824e-08,0.0003102801899027933,0.003877654225410273,0.13726160675287247,0.010229110019281507,1.897813787602824e-08,0.0,0.0
307,0.02,0.004637906871115168,0.0748566926146547,3.234193875674881e-08,0.00031361454481763457,0.005494366933514054,0.13033193598190942,0.010428950345764557,3.234193875674881e-08,0.0,0.0
308,0.02,0.0045548480314513045,0.08000014039377372,0.0,0.00016459756443509832,0.004211969896762942,0.1356310248374939,0.010085061270122727,0.0,0.0,0.0
309,0.02,0.004546848863052825,0.07941131107509136,0.0,0.00016519879015201391,0.005280087216912459,0.13018344094355902,0.010223964462056756,0.0,0.0,0.0
310,0.02,0.00456245868311574,0.08692962521066268,0.0,0.0002605423172402273,0.0038152528383458653,0.1402035914361477,0.010319478654613098,0.0,0.0,0.0
311,0.02,0.004335792308362822,0.07130503344039123,0.0,0.00022232932557623522,0.008013984363060445,0.12166270924111207,0.010420972481369972,0.0,0.0,0.0
312,0.02,0.004707224376033992,0.07199343976875146,0.0,0.00017307826783508062,0.005767693849823748,0.12956907662252584,0.010353476352368792,0.0,0.0,0.0
313,0.02,0.004420312451353918,0.07884661418696244,1.009365739138938e-11,0.00017317186575382948,0.005550847078363101,0.12758716319998106,0.010109871781120697,1.009365739138938e-11,0.0,0.0
314,0.02,0.004656093427911401,0.08651399177809556,1.062395634428744e-10,0.0002470275582406127,0.0042000660905614495,0.142750957980752,0.010538436472415924,1.062395634428744e-10,0.0,0.0
315,0.02,0.004375030713466306,0.07121451136966546,0.0,0.000324304051900981,0.007971766133171817,0.11908331823845704,0.01049823290668428,0.0,0.0,0.0
316,0.02,0.004770084788712363,0.07474230105678241,4.6398074271536416e-10,0.0001699887276724136,0.0038047258470517895,0.13508978548149267,0.010087897457803289,4.6398074271536416e-10,0.0,0.0
317,0.02,0.004364055464975536,0.07505192328244448,0.0,0.00020942667530713757,0.007651860389159992,0.12109182588756084,0.010409322334453464,0.0,0.0,0.0
318,0.02,0.004932596697472036,0.08540257252752781,0.0,0.0003153695003372074,0.0032679461291991174,0.1463047663370768,0.010699099473034343,0.0,0.0,0.0
319,0.02,0.004354392721628149,0.08057948512335618,0.0,0.00033707272753720946,0.006820221528566132,0.12430512222150962,0.010494212930401167,0.0,0.0,0.0
