block_id,generator_family,sampled_before_constraints_mean,after_projection_mean,after_cap_mean,after_calibration_mean,final_mean,delta_projection_mean,delta_projection_radiation_mean,delta_projection_thermal_mean,delta_cap_mean,delta_calibration_mean,total_adjustment_abs_mean,constraint_pressure_score,per_cell_delta_abs,projection_active_rate,cap_active_rate,calibration_active_rate,rule_CL1_active,rule_CL3_active,rule_CL5_active,raw_radiation_violation_mean,raw_thermal_violation_mean,raw_highdose_violation_mean,residual_budget_utilization,explainability_status,reject_reason
0,residual_rule_aware_vae,-2.0643881481320325,-2.0643881481320325,-2.0643881481320325,-2.064964640889809,-2.064964640889809,0.0,0.0,0.0,0.0,0.0025033595720175233,0.0025033595720175233,0.0025033595720175233,"[[0.0007790120847830928, 1.1502990449052675e-08, 5.847789741331155e-08], [0.004887355425429285, 0.005213382438088665, 0.003571638056145243], [0.004887357301634809, 0.0052133309039179565, 0.0035715798119899667], [1.3736586312873555e-08, 6.736221802583486e-09, 4.734000524919679e-08], [1.036835897139099e-07, 2.3760265754901866e-08, 0.009426472320717139]]",0.0,0.0,0.9333333333333333,False,False,False,0.0,0.0,0.0,0.21469100090245222,pass,
1,residual_rule_aware_vae,-2.0845651058504395,-2.0845651058504395,-2.0845651058504395,-2.084520870420332,-2.084520870420332,0.0,0.0,0.0,0.0,0.0030172075660349147,0.0030172075660349147,0.0030172075660349147,"[[0.0066458593186298764, 1.1502990449052675e-08, 5.847789741331155e-08], [0.006917785135131638, 0.005213382438088665, 0.0041836824768557435], [0.006917787011337162, 0.0052133309039179565, 0.004183624232700467], [1.3736586312873555e-08, 6.736221802583486e-09, 4.734000524919679e-08], [1.036835897139099e-07, 2.3760265754901866e-08, 0.0059823967363055175]]",0.0,0.0,0.9333333333333333,False,False,False,0.0,0.0,0.0,0.16222969752042038,pass,
2,residual_rule_aware_vae,-2.0977553131548725,-2.0977553131548725,-2.0977553131548725,-2.097217070191349,-2.097217070191349,0.0,0.0,0.0,0.0,0.0028807930015098773,0.0028807930015098773,0.0028807930015098773,"[[0.009749275964529291, 1.1502990449052675e-08, 5.847789741331155e-08], [0.006496315755915583, 0.005213382438088665, 0.0041836824768557435], [0.006496317632121107, 0.0052133309039179565, 0.004183624232700467], [1.3736586312873555e-08, 6.736221802583486e-09, 4.734000524919679e-08], [1.036835897139099e-07, 2.3760265754901866e-08, 0.0016757003809626525]]",0.0,0.0,0.9333333333333333,False,False,False,0.0,0.0,0.0,0.1649063227415483,pass,
3,residual_rule_aware_vae,-2.0367657121539255,-2.0367657121539255,-2.0367657121539255,-2.0377879356456425,-2.0377879356456425,0.0,0.0,0.0,0.0,0.0029501424458172536,0.0029501424458172536,0.0029501424458172536,"[[0.0, 1.1502990449052675e-08, 5.847789741331155e-08], [0.006021892585825861, 0.004627052298190604, 0.003810334169374041], [0.006021894462031385, 0.004627000764019895, 0.0038102759252187646], [1.3736586312873555e-08, 6.736221802583486e-09, 4.734000524919679e-08], [1.036835897139099e-07, 2.3760265754901866e-08, 0.015333421245041556]]",0.0,0.0,0.8666666666666667,False,False,False,0.0,0.0,0.0,0.3371992147353629,pass,
4,residual_rule_aware_vae,-2.0376970331142488,-2.0376970331142488,-2.0376970331142488,-2.0387192566059658,-2.0387192566059658,0.0,0.0,0.0,0.0,0.0027897567775395133,0.0027897567775395133,0.0027897567775395133,"[[0.0, 1.1502990449052675e-08, 5.847789741331155e-08], [0.006731795080971659, 0.0034871358186030488, 0.0030374556417327447], [0.006731796957177183, 0.00348708428443234, 0.003037397397577468], [1.3736586312873555e-08, 6.736221802583486e-09, 4.734000524919679e-08], [1.036835897139099e-07, 2.3760265754901866e-08, 0.015333421245041556]]",0.0,0.0,0.8666666666666667,False,False,False,0.0,0.0,0.0,0.33172130725072935,pass,
5,residual_rule_aware_vae,-2.134986797557063,-2.134986797557063,-2.134986797557063,-2.1339746788186287,-2.1339746788186287,0.0,0.0,0.0,0.0,0.0030503876273518028,0.0030503876273518028,0.0030503876273518028,"[[0.015181712207228915, 1.1502990449052675e-08, 5.847789741331155e-08], [0.006465043806505144, 0.004873701906206618, 0.0039482267210941835], [0.006465045682710668, 0.004873650372035909, 0.003948168476938907], [1.3736586312873555e-08, 6.736221802583486e-09, 4.734000524919679e-08], [1.036835897139099e-07, 2.3760265754901866e-08, 0.0]]",0.0,0.0,0.8666666666666667,False,False,False,0.0,0.0,0.0,0.32391898515723977,pass,
6,residual_rule_aware_vae,-2.069612447593924,-2.069612447593924,-2.069612447593924,-2.0700655500136267,-2.0700655500136267,0.0,0.0,0.0,0.0,0.002804139231318566,0.002804139231318566,0.002804139231318566,"[[0.001784293313355223, 1.1502990449052675e-08, 5.847789741331155e-08], [0.006457736649584711, 0.005213382438088665, 0.004177250583724312], [0.006457738525790235, 0.0052133309039179565, 0.004177192339569036], [1.3736586312873555e-08, 6.736221802583486e-09, 4.734000524919679e-08], [1.036835897139099e-07, 2.3760265754901866e-08, 0.008580898478191656]]",0.0,0.0,0.9333333333333333,False,False,False,0.0,0.0,0.0,0.19386699242869945,pass,
7,residual_rule_aware_vae,-2.104560210511651,-2.104560210511651,-2.104560210511651,-2.103888064565008,-2.103888064565008,0.0,0.0,0.0,0.0,0.003025577322415592,0.003025577322415592,0.003025577322415592,"[[0.011654835061014668, 1.1502990449052675e-08, 5.847789741331155e-08], [0.006917785135131638, 0.004976508742573271, 0.0041836824768557435], [0.006917787011337162, 0.004976457208402563, 0.004183624232700467], [1.3736586312873555e-08, 6.736221802583486e-09, 4.734000524919679e-08], [1.036835897139099e-07, 2.3760265754901866e-08, 0.0015727147306616729]]",0.0,0.0,0.9333333333333333,False,False,False,0.0,0.0,0.0,0.18296274722522943,pass,
8,residual_rule_aware_vae,-2.0412954680889985,-2.0412954680889985,-2.0412954680889985,-2.0423176915807155,-2.0423176915807155,0.0,0.0,0.0,0.0,0.002811021231268507,0.002811021231268507,0.002811021231268507,"[[0.0, 1.1502990449052675e-08, 5.847789741331155e-08], [0.006036853351664484, 0.004044115146996985, 0.0033349014456134363], [0.006036855227870008, 0.004044063612826276, 0.0033348432014581597], [1.3736586312873555e-08, 6.736221802583486e-09, 4.734000524919679e-08], [1.036835897139099e-07, 2.3760265754901866e-08, 0.015333421245041556]]",0.0,0.0,0.8666666666666667,False,False,False,0.0,0.0,0.0,0.3117174278779494,pass,
9,residual_rule_aware_vae,-2.1707368376275276,-2.1707368376275276,-2.1707368376275276,-2.1695592546582625,-2.1695592546582625,0.0,0.0,0.0,0.0,0.0024299931773770988,0.0024299931773770988,0.0024299931773770988,"[[0.017663675669676915, 1.1502990449052675e-08, 5.847789741331155e-08], [0.003359896996092737, 0.00269745436907054, 0.0033356809626083894], [0.0033598988722982615, 0.0026974028348998313, 0.003335622718453113], [1.3736586312873555e-08, 6.736221802583486e-09, 4.734000524919679e-08], [1.036835897139099e-07, 2.3760265754901866e-08, 0.0]]",0.0,0.0,0.8666666666666667,False,False,False,0.0,0.0,0.0,0.48762504889378355,pass,
10,residual_rule_aware_vae,-2.040282484667514,-2.040282484667514,-2.040282484667514,-2.0413047081592306,-2.0413047081592306,0.0,0.0,0.0,0.0,0.00283255953108729,0.00283255953108729,0.00283255953108729,"[[0.0, 1.1502990449052675e-08, 5.847789741331155e-08], [0.006917785135131638, 0.003452403074505339, 0.0032072189832788034], [0.006917787011337162, 0.0034523515403346305, 0.003207160739123527], [1.3736586312873555e-08, 6.736221802583486e-09, 4.734000524919679e-08], [1.036835897139099e-07, 2.3760265754901866e-08, 0.015333421245041556]]",0.0,0.0,0.8666666666666667,False,False,False,0.0,0.0,0.0,0.31747094986528673,pass,
11,residual_rule_aware_vae,-2.137860535729217,-2.137860535729217,-2.137860535729217,-2.1367580808741304,-2.1367580808741304,0.0,0.0,0.0,0.0,0.0031633695212864893,0.0031633695212864893,0.0031633695212864893,"[[0.016536753957004324, 1.1502990449052675e-08, 5.847789741331155e-08], [0.00605975084848398, 0.005213382438088665, 0.0041836824768557435], [0.006059752724689504, 0.0052133309039179565, 0.004183624232700467], [1.3736586312873555e-08, 6.736221802583486e-09, 4.734000524919679e-08], [1.036835897139099e-07, 2.3760265754901866e-08, 0.0]]",0.0,0.0,0.8666666666666667,False,False,False,0.0,0.0,0.0,0.3387762647716562,pass,
12,residual_rule_aware_vae,-2.138880836459038,-2.138880836459038,-2.138880836459038,-2.1377032534897733,-2.1377032534897733,0.0,0.0,0.0,0.0,0.002857936397118284,0.002857936397118284,0.002857936397118284,"[[0.017663675669676915, 1.1502990449052675e-08, 5.847789741331155e-08], [0.0054395309919833545, 0.003899043029549132, 0.0032640324542980714], [0.005439532868188879, 0.0038989914953784233, 0.003263974210142795], [1.3736586312873555e-08, 6.736221802583486e-09, 4.734000524919679e-08], [1.036835897139099e-07, 2.3760265754901866e-08, 0.0]]",0.0,0.0,0.8666666666666667,False,False,False,0.0,0.0,0.0,0.3386090013484646,pass,
13,residual_rule_aware_vae,-2.155469864102242,-2.155469864102242,-2.155469864102242,-2.1542922811329768,-2.1542922811329768,0.0,0.0,0.0,0.0,0.0027142991373170556,0.0027142991373170556,0.0027142991373170556,"[[0.017663675669676915, 1.1502990449052675e-08, 5.847789741331155e-08], [0.004768198289942682, 0.0034094206750416856, 0.0033477080623369737], [0.0047682001661482065, 0.003409369140870977, 0.003347649818181697], [1.3736586312873555e-08, 6.736221802583486e-09, 4.734000524919679e-08], [1.036835897139099e-07, 2.3760265754901866e-08, 0.0]]",0.0,0.0,0.8666666666666667,False,False,False,0.0,0.0,0.0,0.4094045670386095,pass,
14,residual_rule_aware_vae,-2.1679781857798868,-2.1679781857798868,-2.1679781857798868,-2.166800602810622,-2.166800602810622,0.0,0.0,0.0,0.0,0.002656150832695677,0.002656150832695677,0.002656150832695677,"[[0.017663675669676915, 1.1502990449052675e-08, 5.847789741331155e-08], [0.003951569953036249, 0.003773593878748427, 0.003364050910876326], [0.003951571829241773, 0.0037735423445777183, 0.0033639926667210496], [1.3736586312873555e-08, 6.736221802583486e-09, 4.734000524919679e-08], [1.036835897139099e-07, 2.3760265754901866e-08, 0.0]]",0.0,0.0,0.8666666666666667,False,False,False,0.0,0.0,0.0,0.4797691666968685,pass,
15,residual_rule_aware_vae,-2.0669198208668,-2.0669198208668,-2.0669198208668,-2.0674098042192512,-2.0674098042192512,0.0,0.0,0.0,0.0,0.002250017052331858,0.002250017052331858,0.002250017052331858,"[[0.0012863477289984382, 1.1502990449052675e-08, 5.847789741331155e-08], [0.004667079010081232, 0.004372981446238766, 0.00287373146142178], [0.004667080886286756, 0.004372929912068058, 0.0028736732172665036], [1.3736586312873555e-08, 6.736221802583486e-09, 4.734000524919679e-08], [1.036835897139099e-07, 2.3760265754901866e-08, 0.008636166885059637]]",0.0,0.0,0.9333333333333333,False,False,False,0.0,0.0,0.0,0.2061573813678774,pass,
16,residual_rule_aware_vae,-2.0607886677876257,-2.0607886677876257,-2.0607886677876257,-2.0614842954444343,-2.0614842954444343,0.0,0.0,0.0,0.0,0.002711565410730469,0.002711565410730469,0.002711565410730469,"[[0.0, 1.1502990449052675e-08, 5.847789741331155e-08], [0.006381330945563257, 0.0049522198498273, 0.003785869256661467], [0.0063813328217687815, 0.004952168315656591, 0.0037858110125061906], [1.3736586312873555e-08, 6.736221802583486e-09, 4.734000524919679e-08], [1.036835897139099e-07, 2.3760265754901866e-08, 0.010434483721416754]]",0.0,0.0,0.8666666666666667,False,False,False,0.0,0.0,0.0,0.22682028701251145,pass,
17,residual_rule_aware_vae,-2.1605483807544283,-2.1605483807544283,-2.1605483807544283,-2.1593707977851637,-2.1593707977851637,0.0,0.0,0.0,0.0,0.0026195506005713483,0.0026195506005713483,0.0026195506005713483,"[[0.017663675669676915, 1.1502990449052675e-08, 5.847789741331155e-08], [0.004343440690112055, 0.0032996065676236253, 0.0031716657439928575], [0.004343442566317579, 0.0032995550334529167, 0.003171607499837581], [1.3736586312873555e-08, 6.736221802583486e-09, 4.734000524919679e-08], [1.036835897139099e-07, 2.3760265754901866e-08, 0.0]]",0.0,0.0,0.8666666666666667,False,False,False,0.0,0.0,0.0,0.4424865758575337,pass,
18,residual_rule_aware_vae,-2.0162845053047085,-2.0162845053047085,-2.0162845053047085,-2.017306728796425,-2.017306728796425,0.0,0.0,0.0,0.0,0.002516901490742625,0.002516901490742625,0.002516901490742625,"[[0.0, 1.1502990449052675e-08, 5.847789741331155e-08], [0.005400797286105097, 0.0034223176300549607, 0.002386856974170737], [0.005400799162310621, 0.003422266095884252, 0.0023867987300154603], [1.3736586312873555e-08, 6.736221802583486e-09, 4.734000524919679e-08], [1.036835897139099e-07, 2.3760265754901866e-08, 0.015333421245041556]]",0.0,0.0,0.8666666666666667,False,False,False,0.0,0.0,0.0,0.44717130393324533,pass,
19,residual_rule_aware_vae,-2.100272951789763,-2.100272951789763,-2.100272951789763,-2.0998478078635983,-2.0998478078635983,0.0,0.0,0.0,0.0,0.0025042964584522376,0.0025042964584522376,0.0025042964584522376,"[[0.0071208755083689845, 1.1502990449052675e-08, 5.847789741331155e-08], [0.00657479644663328, 0.004694860963525782, 0.003580156863735251], [0.006574798322838804, 0.0046948094293550735, 0.0035800986195799744], [1.3736586312873555e-08, 6.736221802583486e-09, 4.734000524919679e-08], [1.036835897139099e-07, 2.3760265754901866e-08, 0.0007437854851897185]]",0.0,0.0,0.9333333333333333,False,False,False,0.0,0.0,0.0,0.17582966391073612,pass,
20,residual_rule_aware_vae,-2.0659631080173617,-2.0659631080173617,-2.0659631080173617,-2.066488104566182,-2.066488104566182,0.0,0.0,0.0,0.0,0.002631366700370404,0.002631366700370404,0.002631366700370404,"[[0.0017930328443954147, 1.1502990449052675e-08, 5.847789741331155e-08], [0.006161173739504755, 0.0043880893610441785, 0.003455367089317374], [0.006161175615710279, 0.00438803782687347, 0.0034553088451620972], [1.3736586312873555e-08, 6.736221802583486e-09, 4.734000524919679e-08], [1.036835897139099e-07, 2.3760265754901866e-08, 0.009668049945991797]]",0.0,0.0,0.9333333333333333,False,False,False,0.0,0.0,0.0,0.20779795815354926,pass,
21,residual_rule_aware_vae,-2.1831460793733966,-2.1831460793733966,-2.1831460793733966,-2.181968496404132,-2.181968496404132,0.0,0.0,0.0,0.0,0.0019670692333806695,0.0019670692333806695,0.0019670692333806695,"[[0.017663675669676915, 1.1502990449052675e-08, 5.847789741331155e-08], [0.0016630272651433353, 0.0015683710336709122, 0.002689704448984198], [0.0016630291413488596, 0.0015683194995002037, 0.0026896462048289216], [1.3736586312873555e-08, 6.736221802583486e-09, 4.734000524919679e-08], [1.036835897139099e-07, 2.3760265754901866e-08, 0.0]]",0.0,0.0,0.8666666666666667,False,False,False,0.0,0.0,0.0,0.5544848372830429,pass,
22,residual_rule_aware_vae,-2.1435785759161288,-2.1435785759161288,-2.1435785759161288,-2.1424009929468637,-2.1424009929468637,0.0,0.0,0.0,0.0,0.0030098728586464268,0.0030098728586464268,0.0030098728586464268,"[[0.017663675669676915, 1.1502990449052675e-08, 5.847789741331155e-08], [0.00533515208311075, 0.004485191380980025, 0.00392178647320085], [0.0053351539593162745, 0.004485139846809316, 0.0039217282290455735], [1.3736586312873555e-08, 6.736221802583486e-09, 4.734000524919679e-08], [1.036835897139099e-07, 2.3760265754901866e-08, 0.0]]",0.0,0.0,0.8666666666666667,False,False,False,0.0,0.0,0.0,0.3593416694594086,pass,
23,residual_rule_aware_vae,-2.018802738713239,-2.018802738713239,-2.018802738713239,-2.0198249622049556,-2.0198249622049556,0.0,0.0,0.0,0.0,0.002561130620692831,0.002561130620692831,0.002561130620692831,"[[0.0, 1.1502990449052675e-08, 5.847789741331155e-08], [0.006802266397547663, 0.002497525489332686, 0.002241898478076987], [0.006802268273753187, 0.0024974739551619773, 0.0022418402339217103], [1.3736586312873555e-08, 6.736221802583486e-09, 4.734000524919679e-08], [1.036835897139099e-07, 2.3760265754901866e-08, 0.015333421245041556]]",0.0,0.0,0.8666666666666667,False,False,False,0.0,0.0,0.0,0.43355393685060506,pass,
24,residual_rule_aware_vae,-2.038447464035962,-2.038447464035962,-2.038447464035962,-2.039469687527679,-2.039469687527679,0.0,0.0,0.0,0.0,0.0028045210094795733,0.0028045210094795733,0.0028045210094795733,"[[0.0, 1.1502990449052675e-08, 5.847789741331155e-08], [0.006917785135131638, 0.003166427439453612, 0.003282905706272654], [0.006917787011337162, 0.0031663759052829032, 0.0032828474621173775], [1.3736586312873555e-08, 6.736221802583486e-09, 4.734000524919679e-08], [1.036835897139099e-07, 2.3760265754901866e-08, 0.015333421245041556]]",0.0,0.0,0.8666666666666667,False,False,False,0.0,0.0,0.0,0.32806711459557564,pass,
25,residual_rule_aware_vae,-2.150048044316011,-2.150048044316011,-2.150048044316011,-2.148870461346746,-2.148870461346746,0.0,0.0,0.0,0.0,0.0030725814152984957,0.0030725814152984957,0.0030725814152984957,"[[0.017663675669676915, 1.1502990449052675e-08, 5.847789741331155e-08], [0.005590127714943827, 0.004547347849609862, 0.004074968547628455], [0.005590129591149351, 0.004547296315439153, 0.004074910303473178], [1.3736586312873555e-08, 6.736221802583486e-09, 4.734000524919679e-08], [1.036835897139099e-07, 2.3760265754901866e-08, 0.0]]",0.0,0.0,0.8666666666666667,False,False,False,0.0,0.0,0.0,0.39057102068786465,pass,
26,residual_rule_aware_vae,-2.0680317386632305,-2.0680317386632305,-2.0680317386632305,-2.0686488903480225,-2.0686488903480225,0.0,0.0,0.0,0.0,0.002710399456955222,0.002710399456955222,0.002710399456955222,"[[0.0, 1.1502990449052675e-08, 5.847789741331155e-08], [0.006912643023800791, 0.004993343795093308, 0.0037932583699684663], [0.006912644900006315, 0.004993292260922599, 0.0037932001258131898], [1.3736586312873555e-08, 6.736221802583486e-09, 4.734000524919679e-08], [1.036835897139099e-07, 2.3760265754901866e-08, 0.009257344141166968]]",0.0,0.0,0.8666666666666667,False,False,False,0.0,0.0,0.0,0.19962108366352857,pass,
27,residual_rule_aware_vae,-2.1124910621824733,-2.1124910621824733,-2.1124910621824733,-2.1116197328435833,-2.1116197328435833,0.0,0.0,0.0,0.0,0.0030466485766434182,0.0030466485766434182,0.0030466485766434182,"[[0.013069871214062945, 1.1502990449052675e-08, 5.847789741331155e-08], [0.006917785135131638, 0.005213382438088665, 0.0041836824768557435], [0.006917787011337162, 0.0052133309039179565, 0.004183624232700467], [1.3736586312873555e-08, 6.736221802583486e-09, 4.734000524919679e-08], [1.036835897139099e-07, 2.3760265754901866e-08, 0.0]]",0.0,0.0,0.8666666666666667,False,False,False,0.0,0.0,0.0,0.21871004449281356,pass,
28,residual_rule_aware_vae,-2.098935888725585,-2.098935888725585,-2.098935888725585,-2.098454255118216,-2.098454255118216,0.0,0.0,0.0,0.0,0.0027459469993157517,0.0027459469993157517,0.0027459469993157517,"[[0.009366597846926228, 1.1502990449052675e-08, 5.847789741331155e-08], [0.005658469096791685, 0.005213382438088665, 0.003968292065964274], [0.005658470972997209, 0.0052133309039179565, 0.003968233821808997], [1.3736586312873555e-08, 6.736221802583486e-09, 4.734000524919679e-08], [1.036835897139099e-07, 2.3760265754901866e-08, 0.002142162605684561]]",0.0,0.0,0.9333333333333333,False,False,False,0.0,0.0,0.0,0.16607880204951864,pass,
29,residual_rule_aware_vae,-2.0263546413699927,-2.0263546413699927,-2.0263546413699927,-2.0273768648617096,-2.0273768648617096,0.0,0.0,0.0,0.0,0.002541039757584196,0.002541039757584196,0.002541039757584196,"[[0.0, 1.1502990449052675e-08, 5.847789741331155e-08], [0.0062450523758649235, 0.00270445418954135, 0.0024415023262363], [0.006245054252070448, 0.0027044026553706413, 0.0024414440820810235], [1.3736586312873555e-08, 6.736221802583486e-09, 4.734000524919679e-08], [1.036835897139099e-07, 2.3760265754901866e-08, 0.015333421245041556]]",0.0,0.0,0.8666666666666667,False,False,False,0.0,0.0,0.0,0.3931484384777111,pass,
30,residual_rule_aware_vae,-2.0786880013246747,-2.0786880013246747,-2.0786880013246747,-2.0787362982561146,-2.0787362982561146,0.0,0.0,0.0,0.0,0.002901677832635415,0.002901677832635415,0.002901677832635415,"[[0.005841697665707246, 1.1502990449052675e-08, 5.847789741331155e-08], [0.006161481075954378, 0.005213382438088665, 0.0041836824768557435], [0.006161482952159902, 0.0052133309039179565, 0.004183624232700467], [1.3736586312873555e-08, 6.736221802583486e-09, 4.734000524919679e-08], [1.036835897139099e-07, 2.3760265754901866e-08, 0.00656622050659017]]",0.0,0.0,0.9333333333333333,False,False,False,0.0,0.0,0.0,0.16739884551510273,pass,
31,residual_rule_aware_vae,-2.0497043541590516,-2.0497043541590516,-2.0497043541590516,-2.050557605057205,-2.050557605057205,0.0,0.0,0.0,0.0,0.0028960457840286375,0.0028960457840286375,0.0028960457840286375,"[[0.0, 1.1502990449052675e-08, 5.847789741331155e-08], [0.005952535131049097, 0.005213382438088665, 0.004154930972562365], [0.005952537007254621, 0.0052133309039179565, 0.0041548727284070885], [1.3736586312873555e-08, 6.736221802583486e-09, 4.734000524919679e-08], [1.036835897139099e-07, 2.3760265754901866e-08, 0.01279883234159307]]",0.0,0.0,0.8666666666666667,False,False,False,0.0,0.0,0.0,0.27609963643314456,pass,
32,residual_rule_aware_vae,-2.091426249689054,-2.091426249689054,-2.091426249689054,-2.091233067715412,-2.091233067715412,0.0,0.0,0.0,0.0,0.0028931186428985214,0.0028931186428985214,0.0028931186428985214,"[[0.006832291471616403, 1.1502990449052675e-08, 5.847789741331155e-08], [0.006917785135131638, 0.005213382438088665, 0.0041836824768557435], [0.006917787011337162, 0.0052133309039179565, 0.004183624232700467], [1.3736586312873555e-08, 6.736221802583486e-09, 4.734000524919679e-08], [1.036835897139099e-07, 2.3760265754901866e-08, 0.0039346307362730926]]",0.0,0.0,0.9333333333333333,False,False,False,0.0,0.0,0.0,0.160188714035007,pass,
33,residual_rule_aware_vae,-2.1051206662654294,-2.1051206662654294,-2.1051206662654294,-2.104589906525359,-2.104589906525359,0.0,0.0,0.0,0.0,0.0028335069511156497,0.0028335069511156497,0.0028335069511156497,"[[0.008917037031457797, 1.1502990449052675e-08, 5.847789741331155e-08], [0.006917785135131638, 0.005213382438088665, 0.0041836824768557435], [0.006917787011337162, 0.0052133309039179565, 0.004183624232700467], [1.3736586312873555e-08, 6.736221802583486e-09, 4.734000524919679e-08], [1.036835897139099e-07, 2.3760265754901866e-08, 0.0009557097996886199]]",0.0,0.0,0.9333333333333333,False,False,False,0.0,0.0,0.0,0.18646297662158542,pass,
34,residual_rule_aware_vae,-2.1399468767067167,-2.1399468767067167,-2.1399468767067167,-2.138769293737452,-2.138769293737452,0.0,0.0,0.0,0.0,0.003041052793386493,0.003041052793386493,0.003041052793386493,"[[0.017663675669676915, 1.1502990449052675e-08, 5.847789741331155e-08], [0.005779988997650087, 0.004471001750233183, 0.0037249886999588533], [0.005779990873855612, 0.004470950216062475, 0.0037249304558035767], [1.3736586312873555e-08, 6.736221802583486e-09, 4.734000524919679e-08], [1.036835897139099e-07, 2.3760265754901866e-08, 0.0]]",0.0,0.0,0.8666666666666667,False,False,False,0.0,0.0,0.0,0.34254715156996673,pass,
35,residual_rule_aware_vae,-2.068677812531108,-2.068677812531108,-2.068677812531108,-2.06926157493566,-2.06926157493566,0.0,0.0,0.0,0.0,0.0027293162319781553,0.0027293162319781553,0.0027293162319781553,"[[0.0, 1.1502990449052675e-08, 5.847789741331155e-08], [0.006917785135131638, 0.005213382438088665, 0.0039603730301123186], [0.006917787011337162, 0.0052133309039179565, 0.003960314785957042], [1.3736586312873555e-08, 6.736221802583486e-09, 4.734000524919679e-08], [1.036835897139099e-07, 2.3760265754901866e-08, 0.008756504937570853]]",0.0,0.0,0.8666666666666667,False,False,False,0.0,0.0,0.0,0.1973096858319468,pass,
36,residual_rule_aware_vae,-2.008384599066788,-2.008384599066788,-2.008384599066788,-2.009406822558505,-2.009406822558505,0.0,0.0,0.0,0.0,0.0024449959374017133,0.0024449959374017133,0.0024449959374017133,"[[0.0, 1.1502990449052675e-08, 5.847789741331155e-08], [0.004601558604311884, 0.0036488748848462205, 0.002420246751115851], [0.004601560480517408, 0.003648823350675512, 0.0024201885069605744], [1.3736586312873555e-08, 6.736221802583486e-09, 4.734000524919679e-08], [1.036835897139099e-07, 2.3760265754901866e-08, 0.015333421245041556]]",0.0,0.0,0.8666666666666667,False,False,False,0.0,0.0,0.0,0.4892590794074314,pass,
37,residual_rule_aware_vae,-2.098498243701276,-2.098498243701276,-2.098498243701276,-2.0981534342634136,-2.0981534342634136,0.0,0.0,0.0,0.0,0.0028892673912218427,0.0028892673912218427,0.0028892673912218427,"[[0.007940613065690771, 1.1502990449052675e-08, 5.847789741331155e-08], [0.006917785135131638, 0.005213382438088665, 0.0041836824768557435], [0.006917787011337162, 0.0052133309039179565, 0.004183624232700467], [1.3736586312873555e-08, 6.736221802583486e-09, 4.734000524919679e-08], [1.036835897139099e-07, 2.3760265754901866e-08, 0.0027685403670485442]]",0.0,0.0,0.9333333333333333,False,False,False,0.0,0.0,0.0,0.16393820909572018,pass,
38,residual_rule_aware_vae,-2.1151420559344563,-2.1151420559344563,-2.1151420559344563,-2.114361450639114,-2.114361450639114,0.0,0.0,0.0,0.0,0.0028146807111338397,0.0028146807111338397,0.0028146807111338397,"[[0.011709010560841338, 1.1502990449052675e-08, 5.847789741331155e-08], [0.006061244689893663, 0.005213382438088665, 0.003980894257382683], [0.006061246566099188, 0.0052133309039179565, 0.003980836013227407], [1.3736586312873555e-08, 6.736221802583486e-09, 4.734000524919679e-08], [1.036835897139099e-07, 2.3760265754901866e-08, 0.0]]",0.0,0.0,0.8666666666666667,False,False,False,0.0,0.0,0.0,0.2328797140268928,pass,
39,residual_rule_aware_vae,-2.0503040183603907,-2.0503040183603907,-2.0503040183603907,-2.051140326638267,-2.051140326638267,0.0,0.0,0.0,0.0,0.002609504501657911,0.002609504501657911,0.002609504501657911,"[[0.0, 1.1502990449052675e-08, 5.847789741331155e-08], [0.006254205414128244, 0.003951770788433562, 0.0030928823734384103], [0.006254207290333769, 0.003951719254262853, 0.0030928241292831338], [1.3736586312873555e-08, 6.736221802583486e-09, 4.734000524919679e-08], [1.036835897139099e-07, 2.3760265754901866e-08, 0.012544693037431998]]",0.0,0.0,0.8666666666666667,False,False,False,0.0,0.0,0.0,0.2710816208412186,pass,
40,residual_rule_aware_vae,-2.0670251602575322,-2.0670251602575322,-2.0670251602575322,-2.067641311577703,-2.067641311577703,0.0,0.0,0.0,0.0,0.0026850378420324892,0.0026850378420324892,0.0026850378420324892,"[[0.0, 1.1502990449052675e-08, 5.847789741331155e-08], [0.006917785135131638, 0.004508439520748864, 0.00409031115572267], [0.006917787011337162, 0.004508387986578155, 0.004090252911567394], [1.3736586312873555e-08, 6.736221802583486e-09, 4.734000524919679e-08], [1.036835897139099e-07, 2.3760265754901866e-08, 0.009242338671844763]]",0.0,0.0,0.8666666666666667,False,False,False,0.0,0.0,0.0,0.20220733512167152,pass,
41,residual_rule_aware_vae,-2.0167960473915083,-2.0167960473915083,-2.0167960473915083,-2.017818270883225,-2.017818270883225,0.0,0.0,0.0,0.0,0.0025782502295122653,0.0025782502295122653,0.0025782502295122653,"[[0.0, 1.1502990449052675e-08, 5.847789741331155e-08], [0.006917785135131638, 0.0024079546093964677, 0.002344347686574988], [0.006917787011337162, 0.002407903075225759, 0.0023442894424197114], [1.3736586312873555e-08, 6.736221802583486e-09, 4.734000524919679e-08], [1.036835897139099e-07, 2.3760265754901866e-08, 0.015333421245041556]]",0.0,0.0,0.8666666666666667,False,False,False,0.0,0.0,0.0,0.4424837290146729,pass,
42,residual_rule_aware_vae,-1.9914695802102629,-1.9914695802102629,-1.9914695802102629,-1.9924918037019796,-1.9924918037019796,7.510074830546406e-05,7.510074830546406e-05,0.0,0.0,0.0019478989590393514,0.0020229997073448153,0.0020229997073448153,"[[0.0, 1.1502990449052675e-08, 5.847789741331155e-08], [0.006578264691901148, 0.00036412996649981544, 0.0005632847343686187], [0.006578266568106672, 0.00036407843232910686, 0.0005632847343686187], [1.3736586312873555e-08, 6.736221802583486e-09, 4.734000524919679e-08], [1.036835897139099e-07, 2.3760265754901866e-08, 0.015333421245041556]]",0.13333333333333333,0.0,0.8666666666666667,True,False,False,9.387593538183008e-05,0.0,0.0,0.5750658673182901,pass,
43,residual_rule_aware_vae,-2.042594040087873,-2.042594040087873,-2.042594040087873,-2.0435754720163795,-2.0435754720163795,0.0,0.0,0.0,0.0,0.002421349029379316,0.002421349029379316,0.002421349029379316,"[[0.0, 1.1502990449052675e-08, 5.847789741331155e-08], [0.006245968797278345, 0.002838300144674788, 0.0017149962122302576], [0.006245970673483869, 0.0028382486105040794, 0.001714937968074981], [1.3736586312873555e-08, 6.736221802583486e-09, 4.734000524919679e-08], [1.036835897139099e-07, 2.3760265754901866e-08, 0.014721547796886725]]",0.0,0.0,0.8666666666666667,False,False,False,0.0,0.0,0.0,0.30641290759707984,pass,
44,residual_rule_aware_vae,-2.042061233423168,-2.042061233423168,-2.042061233423168,-2.0430834569148844,-2.0430834569148844,0.0,0.0,0.0,0.0,0.002757196163291346,0.002757196163291346,0.002757196163291346,"[[0.0, 1.1502990449052675e-08, 5.847789741331155e-08], [0.006917785135131638, 0.003186035504939566, 0.002908361294374995], [0.006917787011337162, 0.0031859839707688575, 0.0029083030502197182], [1.3736586312873555e-08, 6.736221802583486e-09, 4.734000524919679e-08], [1.036835897139099e-07, 2.3760265754901866e-08, 0.015333421245041556]]",0.0,0.0,0.8666666666666667,False,False,False,0.0,0.0,0.0,0.3083578671384773,pass,
45,residual_rule_aware_vae,-2.1000250846637454,-2.1000250846637454,-2.1000250846637454,-2.099558430976416,-2.099558430976416,0.0,0.0,0.0,0.0,0.002497868066469126,0.002497868066469126,0.002497868066469126,"[[0.009063712653548495, 1.1502990449052675e-08, 5.847789741331155e-08], [0.006486273304593504, 0.0035894406721019845, 0.0030943734208803697], [0.006486275180799028, 0.003589389137931276, 0.003094315176725093], [1.3736586312873555e-08, 6.736221802583486e-09, 4.734000524919679e-08], [1.036835897139099e-07, 2.3760265754901866e-08, 0.0020639762129004424]]",0.0,0.0,0.9333333333333333,False,False,False,0.0,0.0,0.0,0.1691591465389456,pass,
46,residual_rule_aware_vae,-2.0326499608924133,-2.0326499608924133,-2.0326499608924133,-2.03367218438413,-2.03367218438413,0.0,0.0,0.0,0.0,0.00277996348605023,0.00277996348605023,0.00277996348605023,"[[0.0, 1.1502990449052675e-08, 5.847789741331155e-08], [0.006180899151635111, 0.0041903197526955704, 0.0028117179508071466], [0.006180901027840635, 0.004190268218524862, 0.00281165970665187], [1.3736586312873555e-08, 6.736221802583486e-09, 4.734000524919679e-08], [1.036835897139099e-07, 2.3760265754901866e-08, 0.015333421245041556]]",0.0,0.0,0.8666666666666667,False,False,False,0.0,0.0,0.0,0.3600328936029918,pass,
47,residual_rule_aware_vae,-2.098530018471744,-2.098530018471744,-2.098530018471744,-2.098029091399655,-2.098029091399655,0.0,0.0,0.0,0.0,0.002670269379207783,0.002670269379207783,0.002670269379207783,"[[0.009447875299335495, 1.1502990449052675e-08, 5.847789741331155e-08], [0.006778239206445158, 0.00449626014977933, 0.0030614856268029733], [0.006778241082650682, 0.004496208615608621, 0.0030614273826476968], [1.3736586312873555e-08, 6.736221802583486e-09, 4.734000524919679e-08], [1.036835897139099e-07, 2.3760265754901866e-08, 0.0019340380872900909]]",0.0,0.0,0.9333333333333333,False,False,False,0.0,0.0,0.0,0.1676356997188855,pass,
48,residual_rule_aware_vae,-2.0650118384689753,-2.0650118384689753,-2.0650118384689753,-2.06558316077217,-2.06558316077217,0.0,0.0,0.0,0.0,0.0024709401470316378,0.0024709401470316378,0.0024709401470316378,"[[0.0010997111507067836, 1.1502990449052675e-08, 5.847789741331155e-08], [0.006133360722136438, 0.003965095686169873, 0.003048853167400889], [0.006133362598341963, 0.003965044151999164, 0.0030487949232456124], [1.3736586312873555e-08, 6.736221802583486e-09, 4.734000524919679e-08], [1.036835897139099e-07, 2.3760265754901866e-08, 0.00966961456791715]]",0.0,0.0,0.9333333333333333,False,False,False,0.0,0.0,0.0,0.21196638593628095,pass,
49,residual_rule_aware_vae,-2.125626843321609,-2.125626843321609,-2.125626843321609,-2.1246546885661735,-2.1246546885661735,0.0,0.0,0.0,0.0,0.0027836891899193548,0.0027836891899193548,0.0027836891899193548,"[[0.014582252462239043, 1.1502990449052675e-08, 5.847789741331155e-08], [0.0054965577358722095, 0.004379582194986353, 0.003710324094698958], [0.005496559612077734, 0.004379530660815645, 0.0037102658505436814], [1.3736586312873555e-08, 6.736221802583486e-09, 4.734000524919679e-08], [1.036835897139099e-07, 2.3760265754901866e-08, 0.0]]",0.0,0.0,0.8666666666666667,False,False,False,0.0,0.0,0.0,0.28350985844834664,pass,
50,residual_rule_aware_vae,-2.1576222556253644,-2.1576222556253644,-2.1576222556253644,-2.1564446726560997,-2.1564446726560997,0.0,0.0,0.0,0.0,0.003059353902859404,0.003059353902859404,0.003059353902859404,"[[0.017663675669676915, 1.1502990449052675e-08, 5.847789741331155e-08], [0.005289344050955713, 0.004691024845840941, 0.004132868872092299], [0.0052893459271612375, 0.004690973311670232, 0.0041328106279370225], [1.3736586312873555e-08, 6.736221802583486e-09, 4.734000524919679e-08], [1.036835897139099e-07, 2.3760265754901866e-08, 0.0]]",0.0,0.0,0.8666666666666667,False,False,False,0.0,0.0,0.0,0.42600191947926447,pass,
51,residual_rule_aware_vae,-2.0659055084879343,-2.0659055084879343,-2.0659055084879343,-2.066556122220303,-2.066556122220303,0.0,0.0,0.0,0.0,0.0024684252124401213,0.0024684252124401213,0.0024684252124401213,"[[0.0, 1.1502990449052675e-08, 5.847789741331155e-08], [0.006438648262095392, 0.00392450864836813, 0.003270316087709002], [0.0064386501383009165, 0.003924457114197422, 0.0032702578435537255], [1.3736586312873555e-08, 6.736221802583486e-09, 4.734000524919679e-08], [1.036835897139099e-07, 2.3760265754901866e-08, 0.009759274854820532]]",0.0,0.0,0.8666666666666667,False,False,False,0.0,0.0,0.0,0.20738874032825164,pass,
52,residual_rule_aware_vae,-2.0601942501609667,-2.0601942501609667,-2.0601942501609667,-2.0609018643118393,-2.0609018643118393,0.0,0.0,0.0,0.0,0.002640466258562831,0.002640466258562831,0.002640466258562831,"[[0.0, 1.1502990449052675e-08, 5.847789741331155e-08], [0.006569335171055735, 0.004635458415749083, 0.0032914841185074373], [0.006569337047261259, 0.0046354068815783744, 0.0032914258743521607], [1.3736586312873555e-08, 6.736221802583486e-09, 4.734000524919679e-08], [1.036835897139099e-07, 2.3760265754901866e-08, 0.01061428113238172]]",0.0,0.0,0.8666666666666667,False,False,False,0.0,0.0,0.0,0.23033505458308526,pass,
53,residual_rule_aware_vae,-2.1371106622040643,-2.1371106622040643,-2.1371106622040643,-2.1359330792347992,-2.1359330792347992,0.0,0.0,0.0,0.0,0.0029408876845468225,0.0029408876845468225,0.0029408876845468225,"[[0.017663675669676915, 1.1502990449052675e-08, 5.847789741331155e-08], [0.005620833420228899, 0.0042084134876752, 0.003395494223640494], [0.005620835296434423, 0.004208361953504491, 0.0033954359794852174], [1.3736586312873555e-08, 6.736221802583486e-09, 4.734000524919679e-08], [1.036835897139099e-07, 2.3760265754901866e-08, 0.0]]",0.0,0.0,0.8666666666666667,False,False,False,0.0,0.0,0.0,0.3348940193763698,pass,
54,residual_rule_aware_vae,-2.0306028331587855,-2.0306028331587855,-2.0306028331587855,-2.031625056650502,-2.031625056650502,0.0,0.0,0.0,0.0,0.0028913614999797055,0.0028913614999797055,0.0028913614999797055,"[[0.0, 1.1502990449052675e-08, 5.847789741331155e-08], [0.006917785135131638, 0.0037149689853215317, 0.003385667839155726], [0.006917787011337162, 0.003714917451150823, 0.0033856095950004494], [1.3736586312873555e-08, 6.736221802583486e-09, 4.734000524919679e-08], [1.036835897139099e-07, 2.3760265754901866e-08, 0.015333421245041556]]",0.0,0.0,0.8666666666666667,False,False,False,0.0,0.0,0.0,0.37074994719723864,pass,
55,residual_rule_aware_vae,-2.1584196566214535,-2.1584196566214535,-2.1584196566214535,-2.157242073652189,-2.157242073652189,0.0,0.0,0.0,0.0,0.0027792423714428287,0.0027792423714428287,0.0027792423714428287,"[[0.017663675669676915, 1.1502990449052675e-08, 5.847789741331155e-08], [0.004495596447062433, 0.003951882547142516, 0.003564922289059691], [0.0044955983232679575, 0.003951831012971807, 0.0035648640449044144], [1.3736586312873555e-08, 6.736221802583486e-09, 4.734000524919679e-08], [1.036835897139099e-07, 2.3760265754901866e-08, 0.0]]",0.0,0.0,0.8666666666666667,False,False,False,0.0,0.0,0.0,0.4278416705269442,pass,
56,residual_rule_aware_vae,-2.0487287535290064,-2.0487287535290064,-2.0487287535290064,-2.0496322727493896,-2.0496322727493896,0.0,0.0,0.0,0.0,0.0029709087343386584,0.0029709087343386584,0.0029709087343386584,"[[0.0, 1.1502990449052675e-08, 5.847789741331155e-08], [0.006917785135131638, 0.00465946791172267, 0.003928055205450587], [0.006917787011337162, 0.0046594163775519615, 0.00392799696129531], [1.3736586312873555e-08, 6.736221802583486e-09, 4.734000524919679e-08], [1.036835897139099e-07, 2.3760265754901866e-08, 0.01355285717503385]]",0.0,0.0,0.8666666666666667,False,False,False,0.0,0.0,0.0,0.2777132631079578,pass,
57,residual_rule_aware_vae,-2.1430146049629024,-2.1430146049629024,-2.1430146049629024,-2.141837021993638,-2.141837021993638,0.0,0.0,0.0,0.0,0.003243627025840634,0.003243627025840634,0.003243627025840634,"[[0.017663675669676915, 1.1502990449052675e-08, 5.847789741331155e-08], [0.006128840082359255, 0.005213382438088665, 0.004153063670800261], [0.006128841958564779, 0.0052133309039179565, 0.0041530054266449845], [1.3736586312873555e-08, 6.736221802583486e-09, 4.734000524919679e-08], [1.036835897139099e-07, 2.3760265754901866e-08, 0.0]]",0.0,0.0,0.8666666666666667,False,False,False,0.0,0.0,0.0,0.35816404580382666,pass,
58,residual_rule_aware_vae,-2.0505322634200396,-2.0505322634200396,-2.0505322634200396,-2.051398713518426,-2.051398713518426,0.0,0.0,0.0,0.0,0.002762560288744398,0.002762560288744398,0.002762560288744398,"[[0.0, 1.1502990449052675e-08, 5.847789741331155e-08], [0.006881115892004908, 0.004014668589832793, 0.0033249288434844537], [0.006881117768210432, 0.004014617055662084, 0.003324870599329177], [1.3736586312873555e-08, 6.736221802583486e-09, 4.734000524919679e-08], [1.036835897139099e-07, 2.3760265754901866e-08, 0.012996820345085425]]",0.0,0.0,0.8666666666666667,False,False,False,0.0,0.0,0.0,0.2689296980774766,pass,
59,residual_rule_aware_vae,-2.00252289004824,-2.00252289004824,-2.00252289004824,-2.0035451135399565,-2.0035451135399565,0.0,0.0,0.0,0.0,0.0023381491478827216,0.0023381491478827216,0.0023381491478827216,"[[0.0, 1.1502990449052675e-08, 5.847789741331155e-08], [0.005193469979834497, 0.0026006862282776932, 0.002075173110769324], [0.005193471856040022, 0.0026006346941069847, 0.0020751148666140473], [1.3736586312873555e-08, 6.736221802583486e-09, 4.734000524919679e-08], [1.036835897139099e-07, 2.3760265754901866e-08, 0.015333421245041556]]",0.0,0.0,0.8666666666666667,False,False,False,0.0,0.0,0.0,0.5185340304644199,pass,
60,residual_rule_aware_vae,-2.072315415975269,-2.072315415975269,-2.072315415975269,-2.0727168579938464,-2.0727168579938464,0.0,0.0,0.0,0.0,0.0027936172730469036,0.0027936172730469036,0.0027936172730469036,"[[0.0017754168778965629, 1.1502990449052675e-08, 5.847789741331155e-08], [0.0068960841084241276, 0.005213382438088665, 0.004056317881749205], [0.006896085984629652, 0.0052133309039179565, 0.004056259637593929], [1.3736586312873555e-08, 6.736221802583486e-09, 4.734000524919679e-08], [1.036835897139099e-07, 2.3760265754901866e-08, 0.007797116025846762]]",0.0,0.0,0.9333333333333333,False,False,False,0.0,0.0,0.0,0.18491696524151913,pass,
61,residual_rule_aware_vae,-2.1302690980566417,-2.1302690980566417,-2.1302690980566417,-2.1292998109055015,-2.1292998109055015,0.0,0.0,0.0,0.0,0.0031047677246594445,0.0031047677246594445,0.0031047677246594445,"[[0.014539238397807852, 1.1502990449052675e-08, 5.847789741331155e-08], [0.006618995153379381, 0.005213382438088665, 0.0041836824768557435], [0.0066189970295849054, 0.0052133309039179565, 0.004183624232700467], [1.3736586312873555e-08, 6.736221802583486e-09, 4.734000524919679e-08], [1.036835897139099e-07, 2.3760265754901866e-08, 0.0]]",0.0,0.0,0.8666666666666667,False,False,False,0.0,0.0,0.0,0.2996844053559199,pass,
62,residual_rule_aware_vae,-2.1494894930392876,-2.1494894930392876,-2.1494894930392876,-2.1483119100700225,-2.1483119100700225,0.0,0.0,0.0,0.0,0.0024321898568897588,0.0024321898568897588,0.0024321898568897588,"[[0.017663675669676915, 1.1502990449052675e-08, 5.847789741331155e-08], [0.0036927852118729954, 0.0025126687943959336, 0.0032040534178476854], [0.0036927870880785196, 0.002512617260225225, 0.003203995173692409], [1.3736586312873555e-08, 6.736221802583486e-09, 4.734000524919679e-08], [1.036835897139099e-07, 2.3760265754901866e-08, 0.0]]",0.0,0.0,0.8666666666666667,False,False,False,0.0,0.0,0.0,0.3905837850458081,pass,
63,residual_rule_aware_vae,-2.0606917074218534,-2.0606917074218534,-2.0606917074218534,-2.0614220672018777,-2.0614220672018777,0.0,0.0,0.0,0.0,0.0028969445342372927,0.0028969445342372927,0.0028969445342372927,"[[0.0, 1.1502990449052675e-08, 5.847789741331155e-08], [0.006852207639288843, 0.005213382438088665, 0.0041836824768557435], [0.006852209515494367, 0.0052133309039179565, 0.004183624232700467], [1.3736586312873555e-08, 6.736221802583486e-09, 4.734000524919679e-08], [1.036835897139099e-07, 2.3760265754901866e-08, 0.010955465569656653]]",0.0,0.0,0.8666666666666667,False,False,False,0.0,0.0,0.0,0.2255760619805272,pass,
64,residual_rule_aware_vae,-2.1624857700040314,-2.1624857700040314,-2.1624857700040314,-2.161308187034767,-2.161308187034767,0.0,0.0,0.0,0.0,0.00308995343737097,0.00308995343737097,0.00308995343737097,"[[0.017663675669676915, 1.1502990449052675e-08, 5.847789741331155e-08], [0.0055477376366376285, 0.0046637557208562, 0.004131240920231871], [0.005547739512843153, 0.004663704186685491, 0.004131182676076595], [1.3736586312873555e-08, 6.736221802583486e-09, 4.734000524919679e-08], [1.036835897139099e-07, 2.3760265754901866e-08, 0.0]]",0.0,0.0,0.8666666666666667,False,False,False,0.0,0.0,0.0,0.44743839474249963,pass,
65,residual_rule_aware_vae,-2.13667290408615,-2.13667290408615,-2.13667290408615,-2.1354953211168852,-2.1354953211168852,0.0,0.0,0.0,0.0,0.003240387102704042,0.003240387102704042,0.003240387102704042,"[[0.017663675669676915, 1.1502990449052675e-08, 5.847789741331155e-08], [0.006073921852779329, 0.005213382438088665, 0.0041836824768557435], [0.0060739237289848536, 0.0052133309039179565, 0.004183624232700467], [1.3736586312873555e-08, 6.736221802583486e-09, 4.734000524919679e-08], [1.036835897139099e-07, 2.3760265754901866e-08, 0.0]]",0.0,0.0,0.8666666666666667,False,False,False,0.0,0.0,0.0,0.3267328273730999,pass,
66,residual_rule_aware_vae,-2.0076340059707705,-2.0076340059707705,-2.0076340059707705,-2.008656229462487,-2.008656229462487,0.0,0.0,0.0,0.0,0.002119397618030172,0.002119397618030172,0.002119397618030172,"[[0.0, 1.1502990449052675e-08, 5.847789741331155e-08], [0.005547290601801813, 0.001777330017092238, 0.0009040722260933443], [0.005547292478007337, 0.0017772784829215293, 0.0009040139819380677], [1.3736586312873555e-08, 6.736221802583486e-09, 4.734000524919679e-08], [1.036835897139099e-07, 2.3760265754901866e-08, 0.015333421245041556]]",0.0,0.0,0.8666666666666667,False,False,False,0.0,0.0,0.0,0.49299240665727073,pass,
