block_id,sampled_before_constraints_mean,after_projection_mean,after_cap_mean,after_calibration_mean,final_mean,delta_projection_mean,delta_projection_radiation_mean,delta_projection_thermal_mean,delta_cap_mean,delta_calibration_mean,total_adjustment_abs_mean,constraint_pressure_score,per_cell_delta_abs,projection_active_rate,cap_active_rate,calibration_active_rate,rule_CL1_active,rule_CL3_active,rule_CL5_active,explainability_status,reject_reason
0,-2.083097070827699,-2.083097070827699,-2.083097070827699,-2.064851265542711,-2.064851265542711,0.0,0.0,0.0,0.0,0.0377309014919577,0.0377309014919577,0.0377309014919577,"[[0.04395980290790402, 0.0282393838105941, 0.003543108791829841], [0.014646114680606837, 0.014992474669307976, 0.044422050783680334], [0.082040030536498, 0.06087362485229475, 0.04808643491476117], [0.028702779081280605, 0.12480807837169072, 0.008323773008320767], [0.0031151663520683215, 0.028907385629178606, 0.03130331398934949]]",0.0,0.0,1.0,False,False,False,pass,
1,-2.087209245057357,-2.0872092450573576,-2.0872092450573576,-2.0709176209567444,-2.0709176209567444,0.003345606784645187,0.003345606784645187,0.0,0.0,0.027528898652940652,0.03087450543758584,0.03087450543758584,"[[0.02684906286605715, 0.0282393838105941, 0.003543108791829841], [0.040944223899226695, 0.038567486813527285, 0.004050065257064084], [0.040944223899226695, 0.03856748681352706, 0.004050065257064084], [0.028702779081280605, 0.12480807837169072, 0.008323773008320767], [0.0031151663520683215, 0.028907385629178606, 0.043505291713131555]]",0.4,0.0,1.0,True,False,False,pass,
2,-2.0843114220043293,-2.0843114220043293,-2.0843114220043293,-2.068543328119144,-2.068543328119144,0.010994930427329944,0.010994930427329944,0.0,0.0,0.02519828386530616,0.036193214292636104,0.036193214292636104,"[[0.0, 0.0282393838105941, 0.003543108791829841], [0.10776667088181813, 0.031332840342595425, 0.005442975343093348], [0.10776667088181813, 0.031332840342595425, 0.00910735947417507], [0.028702779081280605, 0.12480807837169072, 0.008323773008320767], [0.0031151663520683215, 0.028907385629178606, 0.02450918207848307]]",0.26666666666666666,0.0,0.9333333333333333,True,False,False,pass,
3,-2.1295368988582872,-2.1295368988582872,-2.1295368988582872,-2.109402922718788,-2.109402922718788,0.00535075199510493,0.00535075199510493,0.0,0.0,0.025570545130076682,0.030921297125181612,0.030921297125181612,"[[0.040979051736228955, 0.0282393838105941, 0.003543108791829841], [0.07322844285782526, 0.008648005854858809, 0.002431347098947434], [0.07322844285782537, 0.037233144328127965, 0.002431347098947434], [0.028702779081280605, 0.12480807837169072, 0.008323773008320767], [0.0031151663520683215, 0.028907385629178606, 0.0]]",0.26666666666666666,0.0,0.9333333333333333,True,False,False,pass,
4,-2.158110998515869,-2.158110998515869,-2.158110998515869,-2.1373368956721444,-2.1373368956721444,0.0,0.0,0.0,0.0,0.0373946397862125,0.0373946397862125,0.0373946397862125,"[[0.06655816647820051, 0.0282393838105941, 0.003543108791829841], [0.023480494677057484, 0.01400615606654343, 0.044422050783680334], [0.09087441053294876, 0.03187499411644379, 0.04808643491476117], [0.028702779081280605, 0.12480807837169072, 0.008323773008320767], [0.0031151663520683215, 0.028907385629178606, 0.015977214178588994]]",0.0,0.0,1.0,False,False,False,pass,
5,-2.119205088892612,-2.119205088892612,-2.119205088892612,-2.1004631525829818,-2.1004631525829818,0.005401254953146288,0.005401254953146288,0.0,0.0,0.030878835575293747,0.036280090528440036,0.036280090528440036,"[[0.04740903920655126, 0.0282393838105941, 0.003543108791829841], [0.022941892144782705, 0.02968226295142995, 0.0355999163542009], [0.09033580800067398, 0.02968226295142995, 0.0355999163542009], [0.028702779081280605, 0.12480807837169072, 0.008323773008320767], [0.0031151663520683215, 0.028907385629178606, 0.02731058491836791]]",0.26666666666666666,0.0,1.0,True,False,False,pass,
6,-2.138480568691796,-2.138480568691796,-2.138480568691796,-2.1186908090468366,-2.1186908090468366,0.0,0.0,0.0,0.0,0.03656221939087275,0.03656221939087275,0.03656221939087275,"[[0.05746546091756677, 0.0282393838105941, 0.003543108791829841], [0.0218698915769604, 0.02118011401528941, 0.02031951847332847], [0.08926380743285178, 0.06706126419827618, 0.02398390260441019], [0.028702779081280605, 0.12480807837169072, 0.008323773008320767], [0.0031151663520683215, 0.028907385629178606, 0.021649656599445066]]",0.0,0.0,1.0,False,False,False,pass,
7,-2.087930742773536,-2.087930742773536,-2.087930742773536,-2.071359889354692,-2.071359889354692,0.0034693418184289135,0.0034693418184289135,0.0,0.0,0.027024044423511712,0.030493386241940628,0.030493386241940628,"[[0.02515687603208222, 0.0282393838105941, 0.003543108791829841], [0.02981749950361423, 0.02070626002556253, 0.027852255703757045], [0.03757641635227715, 0.025174890157424246, 0.027852255703757045], [0.028702779081280605, 0.12480807837169072, 0.008323773008320767], [0.0031151663520683215, 0.028907385629178606, 0.03762466510567197]]",0.13333333333333333,0.0,1.0,True,False,False,pass,
8,-2.131809052503509,-2.131809052503509,-2.131809052503509,-2.1186718757217817,-2.1186718757217817,0.0027434994517286037,0.0027434994517286037,0.0,0.0,0.03029645812469261,0.03303995757642121,0.03303995757642121,"[[0.0, 0.0282393838105941, 0.003543108791829841], [0.054273203815910165, 0.01521163340185816, 0.008735770610696303], [0.054273203815910054, 0.06109278358484538, 0.012400154741778024], [0.028702779081280605, 0.12480807837169072, 0.008323773008320767], [0.0031151663520683215, 0.028907385629178606, 0.06397293863035713]]",0.13333333333333333,0.0,0.9333333333333333,True,False,False,pass,
9,-2.084386164730328,-2.084386164730328,-2.084386164730328,-2.0703387405913762,-2.0703387405913762,0.0031609886544408106,0.0031609886544408106,0.0,0.0,0.026193223565794187,0.029354212220234998,0.029354212220234998,"[[0.0, 0.0282393838105941, 0.003543108791829841], [0.016371340913056365, 0.00975492957988866, 0.025539606973846496], [0.0510225749428348, 0.036126220603098114, 0.02553960697384694], [0.028702779081280605, 0.12480807837169072, 0.008323773008320767], [0.0031151663520683215, 0.028907385629178606, 0.050319228271990646]]",0.13333333333333333,0.0,0.9333333333333333,True,False,False,pass,
10,-2.123306611120825,-2.123306611120825,-2.123306611120825,-2.10296790858399,-2.10296790858399,0.0023760292185910953,0.0023760292185910953,0.0,0.0,0.0331764849709248,0.035552514189515896,0.035552514189515896,"[[0.06655816647820051, 0.0282393838105941, 0.003543108791829841], [0.01251004597222305, 0.04076079423092671, 0.020490836072179608], [0.07990396182811454, 0.04076079423092671, 0.02415522020326133], [0.028702779081280605, 0.12480807837169072, 0.008323773008320767], [0.0031151663520683215, 0.028907385629178606, 0.02250821878194298]]",0.13333333333333333,0.0,1.0,True,False,False,pass,
11,-2.0699953667678144,-2.0699953667678144,-2.0699953667678144,-2.0565621207771216,-2.0565621207771216,0.006008326875777859,0.006008326875777859,0.0,0.0,0.03273034181854405,0.0387386686943219,0.0387386686943219,"[[0.0, 0.0282393838105941, 0.003543108791829841], [0.05864530293866643, 0.04305468164910642, 0.044422050783680334], [0.058645302938666544, 0.0430546816491062, 0.04808643491476117], [0.028702779081280605, 0.12480807837169072, 0.008323773008320767], [0.0031151663520683215, 0.028907385629178606, 0.05953190049587853]]",0.26666666666666666,0.0,0.9333333333333333,True,False,False,pass,
12,-2.100634760431161,-2.100634760431161,-2.100634760431161,-2.082145891433702,-2.082145891433702,0.0027240677053448053,0.0027240677053448053,0.0,0.0,0.0353864230667749,0.038110490772119705,0.038110490772119705,"[[0.034357287235425416, 0.0282393838105941, 0.003543108791829841], [0.023480494677057484, 0.043371082881579426, 0.044422050783680334], [0.09087441053294876, 0.043371082881579204, 0.04808643491476117], [0.028702779081280605, 0.12480807837169072, 0.008323773008320767], [0.0031151663520683215, 0.028907385629178606, 0.018054842629800838]]",0.13333333333333333,0.0,1.0,True,False,False,pass,
13,-2.0189296995904256,-2.0189296995904256,-2.0189296995904256,-2.0051945286188366,-2.0051945286188366,0.0,0.0,0.0,0.0,0.034047573872698626,0.034047573872698626,0.034047573872698626,"[[0.0, 0.0282393838105941, 0.003543108791829841], [0.023480494677057484, 0.02118011401528941, 0.011905119854218604], [0.09087441053294876, 0.06706126419827618, 0.015569503985299882], [0.028702779081280605, 0.12480807837169072, 0.008323773008320767], [0.0031151663520683215, 0.028907385629178606, 0.05500302578242611]]",0.0,0.0,0.9333333333333333,False,False,False,pass,
14,-2.1056676684099234,-2.1056676684099234,-2.1056676684099234,-2.087054012151618,-2.087054012151618,0.00846554118735398,0.00846554118735398,0.0,0.0,0.03572059781965214,0.044186139007006124,0.044186139007006124,"[[0.06655816647820051, 0.0282393838105941, 0.003543108791829841], [0.09718851683310048, 0.02118011401528941, 0.0179637673055959], [0.09718851683310037, 0.06706126419827618, 0.021628151436677623], [0.028702779081280605, 0.12480807837169072, 0.008323773008320767], [0.0031151663520683215, 0.028907385629178606, 0.04838391295988842]]",0.13333333333333333,0.0,1.0,True,False,False,pass,
15,-2.082808969273367,-2.082808969273367,-2.082808969273367,-2.067529335246461,-2.067529335246461,0.0,0.0,0.0,0.0,0.033707968984369736,0.033707968984369736,0.033707968984369736,"[[0.0, 0.0282393838105941, 0.003543108791829841], [0.030659079523793265, 0.02118011401528941, 0.044422050783680334], [0.03673483633209801, 0.06706126419827618, 0.04808643491476117], [0.028702779081280605, 0.12480807837169072, 0.008323773008320767], [0.0031151663520683215, 0.028907385629178606, 0.03183607995268467]]",0.0,0.0,0.9333333333333333,False,False,False,pass,
16,-2.1626169467706253,-2.1626169467706253,-2.1626169467706253,-2.1410885183221606,-2.1410885183221606,0.0,0.0,0.0,0.0,0.03513433396194001,0.03513433396194001,0.03513433396194001,"[[0.06655816647820051, 0.0282393838105941, 0.003543108791829841], [0.023480494677057484, 0.006650984228010692, 0.02647621490917773], [0.09087441053294876, 0.052532134410997466, 0.030140599040258564], [0.028702779081280605, 0.12480807837169072, 0.008323773008320767], [0.0031151663520683215, 0.028907385629178606, 0.004662330107485957]]",0.0,0.0,1.0,False,False,False,pass,
17,-2.191633111477251,-2.191633111477251,-2.191633111477251,-2.1732082041558507,-2.1732082041558507,0.0,0.0,0.0,0.0,0.03341378445619087,0.03341378445619087,0.03341378445619087,"[[0.048854510358238346, 0.0282393838105941, 0.003543108791829841], [0.013406654036208332, 0.00020677516079059544, 0.02451739099110073], [0.08080056989209972, 0.046087925343777814, 0.028181775122182007], [0.028702779081280605, 0.12480807837169072, 0.008323773008320767], [0.0031151663520683215, 0.028907385629178606, 0.03351149089350258]]",0.0,0.0,1.0,False,False,False,pass,
18,-2.09774738355894,-2.09774738355894,-2.09774738355894,-2.079649606603318,-2.079649606603318,0.003052811407026927,0.003052811407026927,0.0,0.0,0.03514442480889448,0.03819723621592141,0.03819723621592141,"[[0.041210218981761915, 0.0282393838105941, 0.003543108791829841], [0.011879385682841859, 0.045836660644195115, 0.044422050783680334], [0.07927330153873335, 0.04583666064419534, 0.04808643491476117], [0.028702779081280605, 0.12480807837169072, 0.008323773008320767], [0.0031151663520683215, 0.028907385629178606, 0.030774155003689074]]",0.13333333333333333,0.0,1.0,True,False,False,pass,
19,-2.072193373586864,-2.072193373586864,-2.072193373586864,-2.057656831817121,-2.057656831817121,0.0,0.0,0.0,0.0,0.03617303916108828,0.03617303916108828,0.03617303916108828,"[[0.027152039184170307, 0.0282393838105941, 0.003543108791829841], [0.023480494677057484, 0.013999356245952832, 0.027884465334410358], [0.09087441053294876, 0.031881793937034386, 0.031548849465491635], [0.028702779081280605, 0.12480807837169072, 0.008323773008320767], [0.0031151663520683215, 0.028907385629178606, 0.07013450299429547]]",0.0,0.0,1.0,False,False,False,pass,
20,-2.0893131810064416,-2.0893131810064416,-2.0893131810064416,-2.0719111416493576,-2.0719111416493576,0.005002945865985938,0.005002945865985938,0.0,0.0,0.027868949861606516,0.03287189572759245,0.03287189572759245,"[[0.0, 0.0282393838105941, 0.003543108791829841], [0.07121905192284017, 0.02118011401528941, 0.016547447339298582], [0.07121905192284006, 0.06706126419827618, 0.020211831470379416], [0.028702779081280605, 0.12480807837169072, 0.008323773008320767], [0.0031151663520683215, 0.028907385629178606, 0.0]]",0.13333333333333333,0.0,0.8666666666666667,True,False,False,pass,
21,-2.1854805407092477,-2.1854805407092477,-2.1854805407092477,-2.1636412902536164,-2.1636412902536164,0.0,0.0,0.0,0.0,0.03602277475273743,0.03602277475273743,0.03602277475273743,"[[0.06655816647820051, 0.0282393838105941, 0.003543108791829841], [0.015584623100194817, 0.02118011401528941, 0.044422050783680334], [0.05180929275569657, 0.06706126419827618, 0.04808643491476117], [0.028702779081280605, 0.12480807837169028, 0.008323773008320767], [0.0031151663520683215, 0.028907385629178606, 0.0]]",0.0,0.0,0.9333333333333333,False,False,False,pass,
22,-2.1139274228284965,-2.1139274228284965,-2.1139274228284965,-2.101201017004365,-2.101201017004365,0.003957783664564474,0.003957783664564474,0.0,0.0,0.032139701754942754,0.036097485419507226,0.036097485419507226,"[[0.0, 0.0282393838105941, 0.003543108791829841], [0.06338033541217913, 0.008653688748727406, 0.03469094905746184], [0.06338033541217913, 0.03722746143425937, 0.03835533318854312], [0.028702779081280605, 0.12480807837169072, 0.008323773008320767], [0.0031151663520683215, 0.028907385629178606, 0.07013450299429547]]",0.13333333333333333,0.0,0.9333333333333333,True,False,False,pass,
23,-2.0994007866939657,-2.0994007866939657,-2.0994007866939657,-2.0819987473368817,-2.0819987473368817,0.0,0.0,0.0,0.0,0.028947426168684124,0.028947426168684124,0.028947426168684124,"[[0.0, 0.0282393838105941, 0.003543108791829841], [0.023480494677057484, 0.00588937998552419, 0.016446258995088225], [0.09087441053294876, 0.051770530168511186, 0.02011064312616906], [0.028702779081280605, 0.12480807837169072, 0.008323773008320767], [0.0031151663520683215, 0.028907385629178606, 0.0]]",0.0,0.0,0.8666666666666667,False,False,False,pass,
24,-2.0638976317784983,-2.0638976317784983,-2.0638976317784983,-2.0479266091690658,-2.0479266091690658,0.0,0.0,0.0,0.0,0.027357929950306874,0.027357929950306874,0.027357929950306874,"[[0.0, 0.0282393838105941, 0.003543108791829841], [0.027592851573372712, 0.013547856468784314, 0.023162286412451216], [0.03980106428251856, 0.03233329371420246, 0.026826670543532938], [0.028702779081280605, 0.12480807837169072, 0.008323773008320767], [0.0031151663520683215, 0.028907385629178606, 0.021465251214777936]]",0.0,0.0,0.9333333333333333,False,False,False,pass,
25,-2.0870428312195317,-2.0870428312195317,-2.0870428312195317,-2.071779017475769,-2.071779017475769,0.0,0.0,0.0,0.0,0.03168391754644642,0.03168391754644642,0.03168391754644642,"[[0.0, 0.0282393838105941, 0.003543108791829841], [0.014332417860976832, 0.016330223918685327, 0.019640485111312778], [0.08172633371686833, 0.0622113741016721, 0.02330486924239361], [0.028702779081280605, 0.12480807837169072, 0.008323773008320767], [0.0031151663520683215, 0.028907385629178606, 0.03207338419982442]]",0.0,0.0,0.9333333333333333,False,False,False,pass,
26,-2.064202623398225,-2.064202623398225,-2.064202623398225,-2.0436506833448322,-2.0436506833448322,0.005633687839709371,0.005633687839709371,0.0,0.0,0.026120313863575256,0.03175400170328462,0.03175400170328462,"[[0.047248510444621916, 0.0282393838105941, 0.003543108791829841], [0.07594961672576589, 0.014697607469979612, 0.000988536147042307], [0.07594961672576594, 0.031183542713007606, 0.0046529202781231405], [0.028702779081280605, 0.12480807837169072, 0.008323773008320767], [0.0031151663520683215, 0.028907385629178606, 0.0]]",0.13333333333333333,0.0,0.9333333333333333,True,False,False,pass,
27,-2.0943305434366155,-2.0943305434366155,-2.0943305434366155,-2.07915698282657,-2.07915698282657,0.0,0.0,0.0,0.0,0.03381404240122953,0.03381404240122953,0.03381404240122953,"[[0.0, 0.0282393838105941, 0.003543108791829841], [0.028235684872806033, 0.02118011401528941, 0.044422050783680334], [0.03915823098308513, 0.06706126419827618, 0.04808643491476117], [0.028702779081280605, 0.12480807837169072, 0.008323773008320767], [0.0031151663520683215, 0.028907385629178606, 0.033427181205581746]]",0.0,0.0,0.9333333333333333,False,False,False,pass,
28,-2.1000751413499565,-2.1000751413499565,-2.1000751413499565,-2.0823846558976884,-2.0823846558976884,0.006045495840124955,0.006045495840124955,0.0,0.0,0.03247959816800876,0.03852509400813372,0.03852509400813372,"[[0.026564860415345337, 0.0282393838105941, 0.003543108791829841], [0.0790381767288828, 0.0034838581674581093, 0.044422050783680334], [0.07903817672888269, 0.049365008350445105, 0.04808643491476117], [0.028702779081280605, 0.12480807837169072, 0.008323773008320767], [0.0031151663520683215, 0.028907385629178606, 0.022238168987587237]]",0.13333333333333333,0.0,1.0,True,False,False,pass,
29,-2.199247314028994,-2.199247314028994,-2.199247314028994,-2.177408063573363,-2.177408063573363,0.004490944592173585,0.004490944592173585,0.0,0.0,0.03189740122950616,0.03638834582167975,0.03638834582167975,"[[0.06655816647820051, 0.0282393838105941, 0.003543108791829841], [0.06737904236924752, 0.02118011401528941, 0.013481749359446127], [0.06737904236924741, 0.06706126419827618, 0.017146133490526516], [0.028702779081280605, 0.12480807837169028, 0.008323773008320767], [0.0031151663520683215, 0.028907385629178606, 0.0]]",0.13333333333333333,0.0,0.9333333333333333,True,False,False,pass,
30,-2.1149332512800307,-2.1149332512800307,-2.1149332512800307,-2.095879566403843,-2.095879566403843,0.0016756963898618693,0.0016756963898618693,0.0,0.0,0.02497634585059757,0.026652042240459438,0.026652042240459438,"[[0.025764064885208937, 0.0282393838105941, 0.003543108791829841], [0.017734816185806523, 0.03550829801545752, 0.0026563077800898505], [0.04965909967008475, 0.03550829801545752, 0.006320691911170684], [0.028702779081280605, 0.12480807837168983, 0.008323773008320767], [0.0031151663520683215, 0.028907385629178606, 0.000989382098653735]]",0.13333333333333333,0.0,1.0,True,False,False,pass,
31,-2.065919061103052,-2.065919061103052,-2.065919061103052,-2.0491689483832345,-2.0491689483832345,0.0011522866649961827,0.0011522866649961827,0.0,0.0,0.028767527830287954,0.029919814495284136,0.029919814495284136,"[[0.0, 0.0282393838105941, 0.003543108791829841], [0.04233910791541695, 0.005491337753801284, 0.034086108586397934], [0.04233910791541695, 0.05137248793678806, 0.03775049271747921], [0.028702779081280605, 0.12480807837169072, 0.008323773008320767], [0.0031151663520683215, 0.028907385629178606, 0.009778899558998688]]",0.13333333333333333,0.0,0.9333333333333333,True,False,False,pass,
32,-2.1151852151848214,-2.1151852151848214,-2.1151852151848214,-2.0974766038541532,-2.0974766038541532,0.0014630127491746783,0.0014630127491746783,0.0,0.0,0.029139244731686317,0.030602257480860994,0.030602257480860994,"[[0.004598579603757258, 0.0282393838105941, 0.003543108791829841], [0.044669553546755614, 0.000533432294627767, 0.044422050783680334], [0.044669553546755725, 0.0464145824776141, 0.04808643491476117], [0.028702779081280605, 0.12480807837169072, 0.008323773008320767], [0.0031151663520683215, 0.028907385629178606, 0.0]]",0.13333333333333333,0.0,0.9333333333333333,True,False,False,pass,
33,-2.0720294172322835,-2.0720294172322835,-2.0720294172322835,-2.0586358378461607,-2.0586358378461607,0.00010234888374585082,0.00010234888374585082,0.0,0.0,0.03292584501745604,0.033028193901201895,0.033028193901201895,"[[0.010007603429867618, 0.0282393838105941, 0.003543108791829841], [0.023480494677057484, 0.012102727134319924, 0.002599808693634742], [0.09087441053294876, 0.05798387731730714, 0.002599808693634298], [0.028702779081280605, 0.12480807837169072, 0.008323773008320767], [0.0031151663520683215, 0.028907385629178606, 0.07013450299429547]]",0.13333333333333333,0.0,1.0,True,False,False,pass,
34,-2.1351670414621036,-2.1351670414621036,-2.1351670414621036,-2.1176286664885624,-2.1176286664885624,0.0,0.0,0.0,0.0,0.032662125308123825,0.032662125308123825,0.032662125308123825,"[[0.030276843543214305, 0.0282393838105941, 0.003543108791829841], [0.00197762539207913, 0.016559646475333922, 0.044422050783680334], [0.06541629046381203, 0.029321503707653074, 0.04808643491476117], [0.028702779081280605, 0.12480807837168983, 0.008323773008320767], [0.0031151663520683215, 0.028907385629178606, 0.028231809296361376]]",0.0,0.0,1.0,False,False,False,pass,
35,-2.001788176339015,-2.001788176339015,-2.001788176339015,-1.9890617705148839,-1.9890617705148839,0.0,0.0,0.0,0.0,0.03544989833650184,0.03544989833650184,0.03544989833650184,"[[0.0, 0.0282393838105941, 0.003543108791829841], [0.00721240914013449, 0.015276295060021816, 0.03702871921899886], [0.07460632499602576, 0.06115744524300859, 0.040693103350079696], [0.028702779081280605, 0.12480807837169072, 0.008323773008320767], [0.0031151663520683215, 0.028907385629178606, 0.07013450299429547]]",0.0,0.0,0.9333333333333333,False,False,False,pass,
36,-2.1448576317775707,-2.1448576317775707,-2.1448576317775707,-2.128480066482746,-2.128480066482746,0.0014235807959977734,0.0014235807959977734,0.0,0.0,0.025128505394960157,0.026552086190957933,0.026552086190957933,"[[0.00949067238779655, 0.0282393838105941, 0.003543108791829841], [0.035032212837651566, 0.02516948251424478, 0.008944885703066063], [0.03503221283765168, 0.025169482514245, 0.008944885703066507], [0.028702779081280605, 0.12480807837168983, 0.008323773008320767], [0.0031151663520683215, 0.028907385629178606, 0.024857783321684757]]",0.4,0.0,1.0,True,False,False,pass,
37,-2.196314525807843,-2.1963145258078427,-2.1963145258078427,-2.1744752753522123,-2.1744752753522123,0.00772370050624253,0.00772370050624253,0.0,0.0,0.028792850407971013,0.03651655091421355,0.03651655091421355,"[[0.06655816647820051, 0.0282393838105941, 0.003543108791829841], [0.06838950528624377, 0.01137773221322158, 0.0250673985040617], [0.06838950528624366, 0.05725888239620813, 0.025067398504061256], [0.028702779081280605, 0.12480807837169028, 0.008323773008320767], [0.0031151663520683215, 0.028907385629178606, 0.0]]",0.26666666666666666,0.0,0.9333333333333333,True,False,False,pass,
38,-2.0454077293342916,-2.0454077293342916,-2.0454077293342916,-2.0317170988195636,-2.0317170988195636,0.0008107733320882253,0.0008107733320882253,0.0,0.0,0.03325239311722691,0.03406316644931513,0.03406316644931513,"[[0.014463370358954453, 0.0282393838105941, 0.003543108791829841], [0.039777757918607326, 0.02118011401528941, 0.014624335079826523], [0.039777757918607326, 0.06706126419827618, 0.018288719210907356], [0.028702779081280605, 0.12480807837169072, 0.008323773008320767], [0.0031151663520683215, 0.028907385629178606, 0.07013450299429547]]",0.13333333333333333,0.0,1.0,True,False,False,pass,
39,-2.125116101229485,-2.125116101229485,-2.125116101229485,-2.1074987991441065,-2.1074987991441065,0.009685499678164034,0.009685499678164034,0.0,0.0,0.03059327839496181,0.04027877807312585,0.04027877807312585,"[[0.049254281516405096, 0.0282393838105941, 0.003543108791829841], [0.01768215933569195, 0.09558182267772364, 0.010520214300555608], [0.049711756520199546, 0.09558182267772342, 0.014184598431635997], [0.028702779081280605, 0.12480807837169072, 0.008323773008320767], [0.0031151663520683215, 0.028907385629178606, 0.04602534059198948]]",0.13333333333333333,0.0,1.0,True,False,False,pass,
40,-2.050809996057693,-2.050809996057693,-2.050809996057693,-2.0380835902335614,-2.0380835902335614,0.00016755403422864153,0.00016755403422864153,0.0,0.0,0.029481774574967545,0.029649328609196186,0.029649328609196186,"[[0.0, 0.0282393838105941, 0.003543108791829841], [0.014067067801992517, 0.02419723034820831, 0.0006894274056552518], [0.0814609836578839, 0.02419723034820831, 0.004353811536736085], [0.028702779081280605, 0.12480807837169072, 0.008323773008320767], [0.0031151663520683215, 0.028907385629178606, 0.07013450299429547]]",0.13333333333333333,0.0,0.9333333333333333,True,False,False,pass,
41,-2.0549674389083945,-2.0549674389083945,-2.0549674389083945,-2.0414766322030196,-2.0414766322030196,0.0022980399001650905,0.0022980399001650905,0.0,0.0,0.029464185707015516,0.0317622256071806,0.0317622256071806,"[[0.0, 0.0282393838105941, 0.003543108791829841], [0.05093225717918376, 0.01897034316984869, 0.020357585307335224], [0.05093225717918387, 0.026910807013138083, 0.024021969438416946], [0.028702779081280605, 0.12480807837169072, 0.008323773008320767], [0.0031151663520683215, 0.028907385629178606, 0.05866848977563954]]",0.13333333333333333,0.0,0.9333333333333333,True,False,False,pass,
42,-2.0830740194829094,-2.0830740194829094,-2.0830740194829094,-2.0687074874799576,-2.0687074874799576,0.0058618409168092285,0.0058618409168092285,0.0,0.0,0.030312954792865034,0.03617479570967426,0.03617479570967426,"[[0.0028446906855330023, 0.0282393838105941, 0.003543108791829841], [0.07766076480401485, 0.02118011401528941, 0.009266488482209567], [0.07766076480401474, 0.06706126419827618, 0.012930872613290845], [0.028702779081280605, 0.12480807837169072, 0.008323773008320767], [0.0031151663520683215, 0.028907385629178606, 0.048377300997522354]]",0.13333333333333333,0.0,1.0,True,False,False,pass,
43,-2.108946374413208,-2.108946374413208,-2.108946374413208,-2.0953950623358764,-2.0953950623358764,0.005834171938397829,0.005834171938397829,0.0,0.0,0.026689335627414032,0.03252350756581186,0.03252350756581186,"[[0.0, 0.0282393838105941, 0.003543108791829841], [0.07583201610035839, 0.006619537142319665, 0.0034534234311118794], [0.07583201610035839, 0.03926161304066711, 0.0034534234311114353], [0.028702779081280605, 0.12480807837169072, 0.008323773008320767], [0.0031151663520683215, 0.028907385629178606, 0.05776090919628807]]",0.26666666666666666,0.0,0.9333333333333333,True,False,False,pass,
44,-2.076698116533103,-2.076698116533103,-2.076698116533103,-2.063608148360535,-2.063608148360535,0.0,0.0,0.0,0.0,0.03693147695714989,0.03693147695714989,0.03693147695714989,"[[0.00545343522655517, 0.0282393838105941, 0.003543108791829841], [0.023480494677057484, 0.0019192780631573925, 0.044422050783680334], [0.09087441053294876, 0.043961872119829604, 0.04808643491476117], [0.028702779081280605, 0.12480807837169072, 0.008323773008320767], [0.0031151663520683215, 0.028907385629178606, 0.07013450299429547]]",0.0,0.0,1.0,False,False,False,pass,
45,-2.072376429746162,-2.072376429746162,-2.072376429746162,-2.0575144887766617,-2.0575144887766617,0.0010787273543925687,0.0010787273543925687,0.0,0.0,0.02985617373105571,0.030934901085448278,0.030934901085448278,"[[0.031204722248290573, 0.0282393838105941, 0.003543108791829841], [0.024721856703751266, 0.031031030249437652, 0.002376280220285132], [0.04267205915214012, 0.03103103024943743, 0.006040664351365965], [0.028702779081280605, 0.12480807837169072, 0.008323773008320767], [0.0031151663520683215, 0.028907385629178606, 0.06930619806205307]]",0.13333333333333333,0.0,1.0,True,False,False,pass,
46,-2.1317801683929476,-2.1317801683929476,-2.1317801683929476,-2.114278091648252,-2.114278091648252,0.0008665403985706662,0.0008665403985706662,0.0,0.0,0.031188320346701746,0.03205486074527241,0.03205486074527241,"[[0.01802447248449357, 0.0282393838105941, 0.003543108791829841], [0.023480494677057484, 0.029439628080773383, 0.021868153238332688], [0.09087441053294876, 0.02943962808077316, 0.02553253736941352], [0.028702779081280605, 0.12480807837169072, 0.008323773008320767], [0.0031151663520683215, 0.028907385629178606, 0.016523911670330627]]",0.13333333333333333,0.0,1.0,True,False,False,pass,
47,-2.107946873292165,-2.107946873292165,-2.107946873292165,-2.091733072729117,-2.091733072729117,0.010742746835866127,0.010742746835866127,0.0,0.0,0.03413236924313949,0.04487511607900562,0.04487511607900562,"[[0.0523109210837599, 0.0282393838105941, 0.003543108791829841], [0.023480494677057484, 0.06738419379788096, 0.037959174628148684], [0.09087441053294876, 0.06738419379788096, 0.03795917462814913], [0.028702779081280605, 0.12480807837169072, 0.008323773008320767], [0.0031151663520683215, 0.028907385629178606, 0.07013450299429547]]",0.26666666666666666,0.0,1.0,True,False,False,pass,
48,-2.1189208492889833,-2.1189208492889833,-2.1189208492889833,-2.099108425163221,-2.099108425163221,0.010092983572778583,0.010092983572778583,0.0,0.0,0.033475797095227966,0.04356878066800655,0.04356878066800655,"[[0.053434750588158275, 0.0282393838105941, 0.003543108791829841], [0.10939433472378501, 0.005678680586318485, 0.044422050783680334], [0.1093943347237849, 0.04020246959666829, 0.04808643491476117], [0.028702779081280605, 0.12480807837169072, 0.008323773008320767], [0.0031151663520683215, 0.028907385629178606, 0.017278979057978816]]",0.13333333333333333,0.0,1.0,True,False,False,pass,
49,-2.1053212316606302,-2.1053212316606302,-2.1053212316606302,-2.084181188542442,-2.084181188542442,0.0,0.0,0.0,0.0,0.0327761460951529,0.0327761460951529,0.0327761460951529,"[[0.06655816647820051, 0.0282393838105941, 0.003543108791829841], [0.03228265001546926, 0.000216513875673785, 0.03579188096058816], [0.035111265840422234, 0.046097664058661, 0.039456265091669884], [0.028702779081280605, 0.12480807837169072, 0.008323773008320767], [0.0031151663520683215, 0.028907385629178606, 0.010488110061645628]]",0.0,0.0,1.0,False,False,False,pass,
50,-2.168892093926472,-2.168892093926472,-2.168892093926472,-2.1512587045738742,-2.1512587045738742,0.0,0.0,0.0,0.0,0.03827305247894368,0.03827305247894368,0.03827305247894368,"[[0.05482286295517741, 0.0282393838105941, 0.003543108791829841], [0.023480494677057484, 0.02118011401528941, 0.018009984303442916], [0.09087441053294876, 0.06706126419827618, 0.021674368434524194], [0.028702779081280605, 0.12480807837169072, 0.008323773008320767], [0.0031151663520683215, 0.028907385629178606, 0.05135261302247596]]",0.0,0.0,1.0,False,False,False,pass,
51,-2.119499421040042,-2.119499421040042,-2.119499421040042,-2.1000710015509747,-2.1000710015509747,0.0019828287031613103,0.0019828287031613103,0.0,0.0,0.030787928584135416,0.032770757287296726,0.032770757287296726,"[[0.030395701979748613, 0.0282393838105941, 0.003543108791829841], [0.04856817320165552, 0.0026951233916776562, 0.044422050783680334], [0.04856817320165552, 0.04318602679130912, 0.04808643491476117], [0.028702779081280605, 0.12480807837169072, 0.008323773008320767], [0.0031151663520683215, 0.028907385629178606, 0.0]]",0.13333333333333333,0.0,0.9333333333333333,True,False,False,pass,
52,-2.081538221063927,-2.081538221063927,-2.081538221063927,-2.0654315347589054,-2.0654315347589054,0.0,0.0,0.0,0.0,0.038475622394506595,0.038475622394506595,0.038475622394506595,"[[0.050704207213353836, 0.0282393838105941, 0.003543108791829841], [0.023480494677057484, 0.004992010859847129, 0.033377755570456635], [0.09087441053294876, 0.040889139323139645, 0.037042139701537025], [0.028702779081280605, 0.12480807837169072, 0.008323773008320767], [0.0031151663520683215, 0.028907385629178606, 0.07013450299429547]]",0.0,0.0,1.0,False,False,False,pass,
53,-2.1076768692022076,-2.1076768692022076,-2.1076768692022076,-2.0905132522795298,-2.0905132522795298,0.007367800875828919,0.007367800875828919,0.0,0.0,0.03195145297916116,0.039319253854990084,0.039319253854990084,"[[0.06655816647820051, 0.0282393838105941, 0.003543108791829841], [0.026272062203390623, 0.05258178429950311, 0.027449489426247364], [0.04112185365250087, 0.05258178429950289, 0.027449489426247364], [0.028702779081280605, 0.12480807837169072, 0.008323773008320767], [0.0031151663520683215, 0.028907385629178606, 0.07013450299429547]]",0.26666666666666666,0.0,1.0,True,False,False,pass,
54,-2.1750684274713126,-2.1750684274713126,-2.1750684274713126,-2.1537713292030003,-2.1537713292030003,0.01224876848699854,0.01224876848699854,0.0,0.0,0.02819557692084578,0.04044434540784433,0.04044434540784433,"[[0.06655816647820051, 0.0282393838105941, 0.003543108791829841], [0.11523136732870942, 0.0028320396548937588, 0.01216354631726535], [0.11523136732870953, 0.048713189837880755, 0.01216354631726535], [0.028702779081280605, 0.12480807837169072, 0.008323773008320767], [0.0031151663520683215, 0.028907385629178606, 0.00813228280977718]]",0.26666666666666666,0.0,1.0,True,False,False,pass,
55,-2.1199734170283318,-2.1199734170283318,-2.1199734170283318,-2.103468655060568,-2.103468655060568,0.0,0.0,0.0,0.0,0.03124988249504201,0.03124988249504201,0.03124988249504201,"[[0.012540136112728362, 0.0282393838105941, 0.003543108791829841], [0.02319760052270181, 0.012223187180032458, 0.03159165239268891], [0.04419631533318957, 0.058104337363019454, 0.03525603652377063], [0.028702779081280605, 0.12480807837169072, 0.008323773008320767], [0.0031151663520683215, 0.028907385629178606, 0.025999296952536]]",0.0,0.0,1.0,False,False,False,pass,
56,-2.1248006115474873,-2.1248006115474873,-2.1248006115474873,-2.110277534558524,-2.110277534558524,0.0,0.0,0.0,0.0,0.027514086245457193,0.027514086245457193,0.027514086245457193,"[[0.0, 0.0282393838105941, 0.003543108791829841], [0.0022270177037239103, 0.007872993255404914, 0.0056008732171579645], [0.06516689815216736, 0.05375414343839169, 0.009265257348238354], [0.028702779081280605, 0.12480807837169072, 0.008323773008320767], [0.0031151663520683215, 0.028907385629178606, 0.04318443552181073]]",0.0,0.0,0.9333333333333333,False,False,False,pass,
57,-2.050811337176118,-2.050811337176118,-2.050811337176118,-2.038084931351987,-2.038084931351987,0.00598460374311552,0.00598460374311552,0.0,0.0,0.027514241880614503,0.033498845623730025,0.033498845623730025,"[[0.0, 0.0282393838105941, 0.003543108791829841], [0.008356720353006053, 0.05921564173428151, 0.010441653496118697], [0.05903719550288522, 0.05921564173428129, 0.010441653496119141], [0.028702779081280605, 0.12480807837169072, 0.008323773008320767], [0.0031151663520683215, 0.028907385629178606, 0.07013450299429547]]",0.26666666666666666,0.0,0.9333333333333333,True,False,False,pass,
58,-2.1025233459032378,-2.1025233459032378,-2.1025233459032378,-2.0850903278504505,-2.0850903278504505,0.017307292690849976,0.017307292690849976,0.0,0.0,0.025504952106664404,0.04281224479751437,0.04281224479751437,"[[0.020229918410294367, 0.0282393838105941, 0.003543108791829841], [0.13474739474935227, 0.03202043484934913, 0.021506590667652592], [0.13474739474935227, 0.032020434849349355, 0.021506590667653036], [0.028702779081280605, 0.12480807837169072, 0.008323773008320767], [0.0031151663520683215, 0.028907385629178606, 0.019765237974749716]]",0.4,0.0,1.0,True,False,False,pass,
59,-2.0030792687444285,-2.0030792687444285,-2.0030792687444285,-1.9903528629202971,-1.9903528629202971,0.0,0.0,0.0,0.0,0.03939192981075145,0.03939192981075145,0.03939192981075145,"[[0.0, 0.0282393838105941, 0.003543108791829841], [0.023480494677057484, 0.02118011401528941, 0.044422050783680334], [0.09087441053294876, 0.06706126419827618, 0.04808643491476117], [0.028702779081280605, 0.12480807837169072, 0.008323773008320767], [0.0031151663520683215, 0.028907385629178606, 0.07013450299429547]]",0.0,0.0,0.9333333333333333,False,False,False,pass,
60,-2.0799783518133785,-2.0799783518133785,-2.0799783518133785,-2.0647305454155123,-2.0647305454155123,0.015587936763527772,0.015587936763527772,0.0,0.0,0.02919304551320095,0.04478098227672873,0.04478098227672873,"[[0.012139786499848926, 0.0282393838105941, 0.003543108791829841], [0.07054727556760343, 0.10299978317829361, 0.01936174504756183], [0.07054727556760343, 0.10299978317829384, 0.02302612917864222], [0.028702779081280605, 0.12480807837169072, 0.008323773008320767], [0.0031151663520683215, 0.028907385629178606, 0.044453280888120617]]",0.26666666666666666,0.0,1.0,True,False,False,pass,
61,-2.062673245799898,-2.062673245799898,-2.062673245799898,-2.042274529870489,-2.042274529870489,0.0032670813544393757,0.0032670813544393757,0.0,0.0,0.027429438910958514,0.03069652026539789,0.03069652026539789,"[[0.05214030488104726, 0.0282393838105941, 0.003543108791829841], [0.0015800069470917055, 0.04744368524978859, 0.003185991689020451], [0.06897392280298303, 0.04744368524978859, 0.0068503758201021725], [0.028702779081280605, 0.12480807837169072, 0.008323773008320767], [0.0031151663520683215, 0.028907385629178606, 0.007190156296183581]]",0.13333333333333333,0.0,1.0,True,False,False,pass,
62,-2.0976539777930125,-2.0976539777930125,-2.0976539777930125,-2.081611643572909,-2.081611643572909,0.003724064448078749,0.003724064448078749,0.0,0.0,0.033505262760128725,0.03722932720820747,0.03722932720820747,"[[0.03851529756075034, 0.0282393838105941, 0.003543108791829841], [0.061627441288536255, 0.01969706802565452, 0.03128682200539812], [0.061627441288536144, 0.026184082157332034, 0.03495120613647895], [0.028702779081280605, 0.12480807837169072, 0.008323773008320767], [0.0031151663520683215, 0.028907385629178606, 0.05891087461546274]]",0.13333333333333333,0.0,1.0,True,False,False,pass,
63,-2.097299236986815,-2.097299236986815,-2.097299236986815,-2.0786507452983782,-2.0786507452983782,0.0038462247873517486,0.0038462247873517486,0.0,0.0,0.03507764275318735,0.03892386754053911,0.03892386754053911,"[[0.06655816647820051, 0.0282393838105941, 0.003543108791829841], [0.06254364383308364, 0.02118011401528941, 0.013402870033100811], [0.06254364383308375, 0.06706126419827618, 0.01706725416418209], [0.028702779081280605, 0.12480807837169072, 0.008323773008320767], [0.0031151663520683215, 0.028907385629178606, 0.0478613815079072]]",0.13333333333333333,0.0,1.0,True,False,False,pass,
64,-2.0790333474819125,-2.0790333474819125,-2.0790333474819125,-2.064942467716156,-2.064942467716156,0.0033502537362501824,0.0033502537362501824,0.0,0.0,0.028878715822240053,0.032228969558490236,0.032228969558490236,"[[0.020467109124383154, 0.0282393838105941, 0.003543108791829841], [0.015278522028449593, 0.00844761752117451, 0.02695909508741723], [0.05211539382744179, 0.03743353266181204, 0.026959095087416785], [0.028702779081280605, 0.12480807837169072, 0.008323773008320767], [0.0031151663520683215, 0.028907385629178606, 0.07013450299429547]]",0.13333333333333333,0.0,1.0,True,False,False,pass,
65,-2.139658481749462,-2.139658481749462,-2.139658481749462,-2.118898603109964,-2.118898603109964,0.0029776014316236516,0.0029776014316236516,0.0,0.0,0.03162004114666355,0.03459764257828721,0.03459764257828721,"[[0.06655816647820051, 0.0282393838105941, 0.003543108791829841], [0.023480494677057484, 0.0010058794553586825, 0.024164202802717583], [0.09087441053294876, 0.04688702963834546, 0.024164202802717583], [0.028702779081280605, 0.12480807837169072, 0.008323773008320767], [0.0031151663520683215, 0.028907385629178606, 0.016190577241999016]]",0.13333333333333333,0.0,1.0,True,False,False,pass,
66,-2.1273640953204325,-2.127364095320433,-2.127364095320433,-2.1082726584376696,-2.1082726584376696,0.00200217719279124,0.00200217719279124,0.0,0.0,0.030023633019075607,0.032025810211866845,0.032025810211866845,"[[0.06655816647820051, 0.0282393838105941, 0.003543108791829841], [0.02951030706655866, 0.03651978150014079, 0.0032693146028273112], [0.03788360878933272, 0.03651978150014101, 0.0032693146028273112], [0.028702779081280605, 0.12480807837168983, 0.008323773008320767], [0.0031151663520683215, 0.028907385629178606, 0.041217203593012286]]",0.26666666666666666,0.0,1.0,True,False,False,pass,
